id,map_id,type,geometry,name,description,style,custom_fields,created_at,updated_at
005366f3-36c9-4f43-b23b-82194946a4c8,a21deeab-7f1d-48fb-9715-a6b6cc8e7108,point,"{""type"":""Point"",""coordinates"":[120.210599899292,35.94653550528586]}",HD2025-3022 城发,漓江西路南、罗浮山路西,"{""icon"":""map-pin"",""size"":3,""color"":""#EF4444""}","[{""value"":31090,""fieldId"":""f0000001-0001-0001-0001-000000000001""},{""value"":1.1,""fieldId"":""f0000001-0001-0001-0001-000000000002""},{""value"":44555,""fieldId"":""f0000001-0001-0001-0001-000000000003""},{""value"":""城发集团（青岛）启盛投资开发有限公司"",""fieldId"":""f0000001-0001-0001-0001-000000000004""},{""value"":""2025-07-14"",""fieldId"":""f0000001-0001-0001-0001-000000000005""},{""value"":13028.16,""fieldId"":""f0000001-0001-0001-0001-000000000006""},{""value"":""城发"",""fieldId"":""f0000001-0001-0001-0001-000000000007""}]",2026-05-09 01:24:38.003+00,2026-05-09 03:30:29.492352+00
014a6076-9a82-4b00-ba52-57e3c69e2de5,a21deeab-7f1d-48fb-9715-a6b6cc8e7108,point,"{""type"":""Point"",""coordinates"":[120.39187431335449,36.205706593939226]}",双子星城,楼山二支路以东、重庆北路以西、规划二十三号线以南、南岭三路以北,"{""icon"":""map-pin"",""size"":3,""color"":""#EF4444""}","[{""value"":108614,""fieldId"":""f0000001-0001-0001-0001-000000000001""},{""value"":2,""fieldId"":""f0000001-0001-0001-0001-000000000002""},{""value"":192752.8,""fieldId"":""f0000001-0001-0001-0001-000000000003""},{""value"":""中巍（青岛）房地产开发有限公司"",""fieldId"":""f0000001-0001-0001-0001-000000000004""},{""value"":""2020-04-03"",""fieldId"":""f0000001-0001-0001-0001-000000000005""},{""value"":8873.29,""fieldId"":""f0000001-0001-0001-0001-000000000006""},{""value"":""中巍"",""fieldId"":""f0000001-0001-0001-0001-000000000007""}]",2026-05-08 06:24:26.038+00,2026-05-08 07:27:57.377394+00
02d91eab-3982-4caa-9bd3-8d5d07e89a72,a21deeab-7f1d-48fb-9715-a6b6cc8e7108,point,"{""type"":""Point"",""coordinates"":[120.40794610977173,36.14168705437244]}",LC0201-15地块（绿城桂语朝阳）,青山路以南、九水西路以西,"{""icon"":""map-pin"",""size"":3,""color"":""#EF4444""}","[{""value"":11705.7,""fieldId"":""f0000001-0001-0001-0001-000000000001""},{""value"":3.9,""fieldId"":""f0000001-0001-0001-0001-000000000002""},{""value"":45652.43,""fieldId"":""f0000001-0001-0001-0001-000000000003""},{""value"":""青岛绿城华锦置业有限公司"",""fieldId"":""f0000001-0001-0001-0001-000000000004""},{""value"":""2021-09-23"",""fieldId"":""f0000001-0001-0001-0001-000000000005""},{""value"":10000.04,""fieldId"":""f0000001-0001-0001-0001-000000000006""},{""value"":""绿城"",""fieldId"":""f0000001-0001-0001-0001-000000000007""}]",2026-05-08 06:24:26.038+00,2026-05-08 07:36:17.117466+00
053f9553-b1d3-41a3-ae15-ecce29010f29,a21deeab-7f1d-48fb-9715-a6b6cc8e7108,point,"{""type"":""Point"",""coordinates"":[120.4164662,36.2164846]}",金水人才住房项目,十梅庵路以北、规划十三号线以东,"{""icon"":""map-pin"",""size"":3,""color"":""#EF4444""}","[{""value"":52067.6,""fieldId"":""f0000001-0001-0001-0001-000000000001""},{""value"":2.4,""fieldId"":""f0000001-0001-0001-0001-000000000002""},{""value"":84150.43,""fieldId"":""f0000001-0001-0001-0001-000000000003""},{""value"":""青岛跃龙升置业有限公司"",""fieldId"":""f0000001-0001-0001-0001-000000000004""},{""value"":""2021-01-11"",""fieldId"":""f0000001-0001-0001-0001-000000000005""},{""value"":6734.07,""fieldId"":""f0000001-0001-0001-0001-000000000006""},{""value"":""金水控股"",""fieldId"":""f0000001-0001-0001-0001-000000000007""}]",2026-05-08 06:24:26.038+00,2026-05-08 07:17:32.001873+00
07801c1c-cf02-439a-8c77-44c3bb376cb9,a21deeab-7f1d-48fb-9715-a6b6cc8e7108,point,"{""type"":""Point"",""coordinates"":[120.10798931121828,36.00505537481368]}",HD2023－3051号海控,渭河路南、六盘山路西、洞门路北,"{""icon"":""map-pin"",""size"":3,""color"":""#EF4444""}","[{""value"":77813,""fieldId"":""f0000001-0001-0001-0001-000000000001""},{""value"":2,""fieldId"":""f0000001-0001-0001-0001-000000000002""},{""value"":63090.7804,""fieldId"":""f0000001-0001-0001-0001-000000000003""},{""value"":""青岛海投海盛开发建设有限公司"",""fieldId"":""f0000001-0001-0001-0001-000000000004""},{""value"":""2023-10-30"",""fieldId"":""f0000001-0001-0001-0001-000000000005""},{""value"":4054,""fieldId"":""f0000001-0001-0001-0001-000000000006""},{""value"":""海投（海控）"",""fieldId"":""f0000001-0001-0001-0001-000000000007""}]",2026-05-09 01:24:38.003+00,2026-05-09 03:12:54.652156+00
0b0d2016-4461-4c02-8d67-178a3ea2f32f,a21deeab-7f1d-48fb-9715-a6b6cc8e7108,point,"{""type"":""Point"",""coordinates"":[120.40878295898439,36.14362780879501]}",LC0201-05地块（绿城桂语朝阳）,青山路以南、九水西路以西,"{""icon"":""map-pin"",""size"":3,""color"":""#EF4444""}","[{""value"":16013.5,""fieldId"":""f0000001-0001-0001-0001-000000000001""},{""value"":3.15,""fieldId"":""f0000001-0001-0001-0001-000000000002""},{""value"":52964.6565,""fieldId"":""f0000001-0001-0001-0001-000000000003""},{""value"":""青岛绿城华锦置业有限公司"",""fieldId"":""f0000001-0001-0001-0001-000000000004""},{""value"":""2021-09-23"",""fieldId"":""f0000001-0001-0001-0001-000000000005""},{""value"":10500,""fieldId"":""f0000001-0001-0001-0001-000000000006""},{""value"":""绿城"",""fieldId"":""f0000001-0001-0001-0001-000000000007""}]",2026-05-08 06:24:26.038+00,2026-05-08 07:36:23.015309+00
0d3a1b74-1c1a-4465-a302-dded16f7c9a6,a21deeab-7f1d-48fb-9715-a6b6cc8e7108,point,"{""type"":""Point"",""coordinates"":[120.11026382446289,36.00554141155355]}",HD2024-3048城发,六盘山路东、渭河路南,"{""icon"":""map-pin"",""size"":3,""color"":""#EF4444""}","[{""value"":38110,""fieldId"":""f0000001-0001-0001-0001-000000000001""},{""value"":2.5,""fieldId"":""f0000001-0001-0001-0001-000000000002""},{""value"":34661.045,""fieldId"":""f0000001-0001-0001-0001-000000000003""},{""value"":""城发集团（青岛）启盛投资开发有限公司"",""fieldId"":""f0000001-0001-0001-0001-000000000004""},{""value"":""2025-01-23"",""fieldId"":""f0000001-0001-0001-0001-000000000005""},{""value"":3638,""fieldId"":""f0000001-0001-0001-0001-000000000006""},{""value"":""城发"",""fieldId"":""f0000001-0001-0001-0001-000000000007""}]",2026-05-09 01:24:38.003+00,2026-05-09 03:11:16.293616+00
0e7dee57-887e-48ae-acc0-3659dc3e87fe,a21deeab-7f1d-48fb-9715-a6b6cc8e7108,point,"{""type"":""Point"",""coordinates"":[120.21551370620729,35.948415935116095]}",HD2022-3148号建大悦海,罗浮山路东、漳江支路北,"{""icon"":""map-pin"",""size"":2,""color"":""#EF4444""}","[{""value"":10564,""fieldId"":""f0000001-0001-0001-0001-000000000001""},{""value"":1.2,""fieldId"":""f0000001-0001-0001-0001-000000000002""},{""value"":12387,""fieldId"":""f0000001-0001-0001-0001-000000000006""},{""value"":""青岛建大房地产开发有限公司"",""fieldId"":""f0000001-0001-0001-0001-000000000004""},{""value"":""建大"",""fieldId"":""f0000001-0001-0001-0001-000000000007""},{""value"":""2022-12-20"",""fieldId"":""f0000001-0001-0001-0001-000000000005""},{""value"":15702.7522,""fieldId"":""f0000001-0001-0001-0001-000000000003""}]",2026-05-09 05:45:18.641456+00,2026-05-09 05:47:31.440631+00
10e10104-9a78-488c-862d-014b0499eef9,a21deeab-7f1d-48fb-9715-a6b6cc8e7108,point,"{""type"":""Point"",""coordinates"":[120.15727758407594,35.97965578746965]}",HD2023-3097号青铁保利和著,嘉陵江西路南、规划奋进路东,"{""icon"":""map-pin"",""size"":3,""color"":""#EF4444""}","[{""value"":37460,""fieldId"":""f0000001-0001-0001-0001-000000000001""},{""value"":2,""fieldId"":""f0000001-0001-0001-0001-000000000002""},{""value"":41805.36,""fieldId"":""f0000001-0001-0001-0001-000000000003""},{""value"":""青岛青铁广驰置业有限公司"",""fieldId"":""f0000001-0001-0001-0001-000000000004""},{""value"":""2023-12-26"",""fieldId"":""f0000001-0001-0001-0001-000000000005""},{""value"":5580,""fieldId"":""f0000001-0001-0001-0001-000000000006""},{""value"":""青铁"",""fieldId"":""f0000001-0001-0001-0001-000000000007""}]",2026-05-09 01:24:38.003+00,2026-05-09 05:13:22.454015+00
15441236-8a79-4f46-8c42-6349b78e7692,a21deeab-7f1d-48fb-9715-a6b6cc8e7108,point,"{""type"":""Point"",""coordinates"":[120.41165828704835,36.22294966459264]}",LC0803-204地块,遵义东路以北、天泰城-以琳美地小区以西,"{""icon"":""map-pin"",""size"":3,""color"":""#EF4444""}","[{""value"":26582.1,""fieldId"":""f0000001-0001-0001-0001-000000000001""},{""value"":1.2,""fieldId"":""f0000001-0001-0001-0001-000000000002""},{""value"":29841.0655,""fieldId"":""f0000001-0001-0001-0001-000000000003""},{""value"":""青岛城市建设集团泰都置业有限公司"",""fieldId"":""f0000001-0001-0001-0001-000000000004""},{""value"":""2022-12-28"",""fieldId"":""f0000001-0001-0001-0001-000000000005""},{""value"":9355,""fieldId"":""f0000001-0001-0001-0001-000000000006""},{""value"":""青岛城建"",""fieldId"":""f0000001-0001-0001-0001-000000000007""}]",2026-05-08 06:24:26.038+00,2026-05-08 06:54:29.32412+00
15e1ff09-b520-45fe-8c4c-96a88dbedd36,a21deeab-7f1d-48fb-9715-a6b6cc8e7108,point,"{""type"":""Point"",""coordinates"":[120.38384914398193,36.22720791009054]}",LC1001-011地块（中交城投楼山春晓）,瑞金路以南、胶济铁路线以东,"{""icon"":""map-pin"",""size"":3,""color"":""#EF4444""}","[{""value"":42585.5,""fieldId"":""f0000001-0001-0001-0001-000000000001""},{""value"":2.9,""fieldId"":""f0000001-0001-0001-0001-000000000002""},{""value"":113618.114,""fieldId"":""f0000001-0001-0001-0001-000000000003""},{""value"":""青岛交信城投置业有限公司"",""fieldId"":""f0000001-0001-0001-0001-000000000004""},{""value"":""2021-01-19"",""fieldId"":""f0000001-0001-0001-0001-000000000005""},{""value"":9200,""fieldId"":""f0000001-0001-0001-0001-000000000006""},{""value"":""中交"",""fieldId"":""f0000001-0001-0001-0001-000000000007""}]",2026-05-08 06:24:26.038+00,2026-05-08 07:16:37.00579+00
164dbc21-bcd0-4e0a-b926-3485571a1d35,a21deeab-7f1d-48fb-9715-a6b6cc8e7108,point,"{""type"":""Point"",""coordinates"":[120.04966735839845,35.91908395376292]}",HD2025-3035（黄发）,胶州湾路北、山海路西,"{""icon"":""map-pin"",""size"":3,""color"":""#EF4444""}","[{""value"":72313,""fieldId"":""f0000001-0001-0001-0001-000000000001""},{""value"":2.3,""fieldId"":""f0000001-0001-0001-0001-000000000002""},{""value"":57496.7894,""fieldId"":""f0000001-0001-0001-0001-000000000003""},{""value"":""青岛灵山湾开发建设有限公司"",""fieldId"":""f0000001-0001-0001-0001-000000000004""},{""value"":""2025-09-22"",""fieldId"":""f0000001-0001-0001-0001-000000000005""},{""value"":3457,""fieldId"":""f0000001-0001-0001-0001-000000000006""},{""value"":""黄发"",""fieldId"":""f0000001-0001-0001-0001-000000000007""}]",2026-05-09 01:24:38.002+00,2026-05-09 02:17:15.314333+00
17d73f48-14f6-43e1-87d8-bb50beb068c8,a21deeab-7f1d-48fb-9715-a6b6cc8e7108,point,"{""type"":""Point"",""coordinates"":[120.15658020973207,35.94054215088613]}",HD2022-3140号润诚,长江西路南、峨眉山路西,"{""icon"":""map-pin"",""size"":2,""color"":""#EF4444""}","[{""value"":19123,""fieldId"":""f0000001-0001-0001-0001-000000000001""},{""value"":2.9,""fieldId"":""f0000001-0001-0001-0001-000000000002""},{""value"":40136.7349,""fieldId"":""f0000001-0001-0001-0001-000000000003""},{""value"":""青州吉盛置业有限公司"",""fieldId"":""f0000001-0001-0001-0001-000000000004""},{""value"":""2022-12-20"",""fieldId"":""f0000001-0001-0001-0001-000000000005""},{""value"":7961,""fieldId"":""f0000001-0001-0001-0001-000000000006""},{""value"":""润诚"",""fieldId"":""f0000001-0001-0001-0001-000000000007""}]",2026-05-09 06:08:05.69178+00,2026-05-09 06:14:40.643385+00
180ca116-b979-4151-9bb6-19f2344bac5a,a21deeab-7f1d-48fb-9715-a6b6cc8e7108,point,"{""type"":""Point"",""coordinates"":[120.14566898345949,35.978735484873994]}",城发静江路大罗山路项目（协议出让）,静江路北、大罗山路东,"{""icon"":""map-pin"",""size"":3,""color"":""#8B5CF6""}","[{""value"":33541,""fieldId"":""f0000001-0001-0001-0001-000000000001""},{""value"":1.8,""fieldId"":""f0000001-0001-0001-0001-000000000002""},{""value"":null,""fieldId"":""f0000001-0001-0001-0001-000000000003""},{""value"":""城发投资集团有限公司"",""fieldId"":""f0000001-0001-0001-0001-000000000004""},{""value"":""2025-01-26"",""fieldId"":""f0000001-0001-0001-0001-000000000005""},{""value"":null,""fieldId"":""f0000001-0001-0001-0001-000000000006""},{""value"":""城发"",""fieldId"":""f0000001-0001-0001-0001-000000000007""}]",2026-05-09 01:24:38.003+00,2026-05-09 07:14:50.833186+00
1a159d9a-19fd-4ddf-b7d1-6264d4e3008e,a21deeab-7f1d-48fb-9715-a6b6cc8e7108,point,"{""type"":""Point"",""coordinates"":[120.47405719757081,36.16632413898442]}",昆仑天麓湾,惠水路以南、宾川路以东,"{""icon"":""map-pin"",""size"":3,""color"":""#EF4444""}","[{""value"":33391.6,""fieldId"":""f0000001-0001-0001-0001-000000000001""},{""value"":1.7,""fieldId"":""f0000001-0001-0001-0001-000000000002""},{""value"":57872.6515,""fieldId"":""f0000001-0001-0001-0001-000000000003""},{""value"":""青岛昆仑锦麟置业有限公司"",""fieldId"":""f0000001-0001-0001-0001-000000000004""},{""value"":""2022-12-28"",""fieldId"":""f0000001-0001-0001-0001-000000000005""},{""value"":10195,""fieldId"":""f0000001-0001-0001-0001-000000000006""},{""value"":""昆仑"",""fieldId"":""f0000001-0001-0001-0001-000000000007""}]",2026-05-08 06:24:26.038+00,2026-05-08 06:56:35.658915+00
2bb86c3a-2fdd-4c67-a3a9-e26335568093,a21deeab-7f1d-48fb-9715-a6b6cc8e7108,point,"{""type"":""Point"",""coordinates"":[120.174218416214,35.970252567931276]}",HD2026-3005城发,太行山路东、香江路北,"{""icon"":""map-pin"",""size"":2,""color"":""#EF4444""}","[{""value"":8041,""fieldId"":""f0000001-0001-0001-0001-000000000001""},{""value"":4,""fieldId"":""f0000001-0001-0001-0001-000000000002""},{""value"":16419.722,""fieldId"":""f0000001-0001-0001-0001-000000000003""},{""value"":""青岛启盛嘉瑞开发建设有限公司"",""fieldId"":""f0000001-0001-0001-0001-000000000004""},{""value"":""2026-04-29"",""fieldId"":""f0000001-0001-0001-0001-000000000005""},{""value"":5105,""fieldId"":""f0000001-0001-0001-0001-000000000006""},{""value"":""城发"",""fieldId"":""f0000001-0001-0001-0001-000000000007""}]",2026-05-09 02:33:22.486936+00,2026-05-09 02:35:22.955849+00
2f51a8c0-aec5-4d4a-b9ab-ec00140430da,a21deeab-7f1d-48fb-9715-a6b6cc8e7108,point,"{""type"":""Point"",""coordinates"":[120.46058177948,36.16660130546122]}",LC0302-25地块,建水路以南、武川路以东,"{""icon"":""map-pin"",""size"":3,""color"":""#EF4444""}","[{""value"":5882.3,""fieldId"":""f0000001-0001-0001-0001-000000000001""},{""value"":4,""fieldId"":""f0000001-0001-0001-0001-000000000002""},{""value"":18093.8779,""fieldId"":""f0000001-0001-0001-0001-000000000003""},{""value"":""青岛润德翰林建设发展有限公司"",""fieldId"":""f0000001-0001-0001-0001-000000000004""},{""value"":""2021-05-19"",""fieldId"":""f0000001-0001-0001-0001-000000000005""},{""value"":7689.97,""fieldId"":""f0000001-0001-0001-0001-000000000006""},{""value"":""海创"",""fieldId"":""f0000001-0001-0001-0001-000000000007""}]",2026-05-08 06:24:26.038+00,2026-05-08 07:15:39.725053+00
30569834-a25c-4dd3-b23f-6d342ac6efa2,a21deeab-7f1d-48fb-9715-a6b6cc8e7108,point,"{""type"":""Point"",""coordinates"":[120.3978180885315,36.223434354634165]}",LC0802-101-1地块,重庆中路以东、湘潭路以南,"{""icon"":""map-pin"",""size"":3,""color"":""#EF4444""}","[{""value"":15357.5,""fieldId"":""f0000001-0001-0001-0001-000000000001""},{""value"":2,""fieldId"":""f0000001-0001-0001-0001-000000000002""},{""value"":23036.25,""fieldId"":""f0000001-0001-0001-0001-000000000003""},{""value"":""中能建（青岛）城市建设发展有限公司"",""fieldId"":""f0000001-0001-0001-0001-000000000004""},{""value"":""2024-12-24"",""fieldId"":""f0000001-0001-0001-0001-000000000005""},{""value"":7500,""fieldId"":""f0000001-0001-0001-0001-000000000006""},{""value"":""中能建"",""fieldId"":""f0000001-0001-0001-0001-000000000007""}]",2026-05-08 06:24:26.038+00,2026-05-08 06:41:19.825911+00
309d63c0-e926-4d8d-9d0c-b435f895dec5,a21deeab-7f1d-48fb-9715-a6b6cc8e7108,point,"{""type"":""Point"",""coordinates"":[120.14652729034425,35.960396652838966]}",昆仑首府（人才住房转商品房）,昆仑山路东、峨眉山路西、三江路北,"{""icon"":""map-pin"",""size"":3,""color"":""#EF4444""}","[{""value"":1650.93,""fieldId"":""f0000001-0001-0001-0001-000000000001""},{""value"":2.5,""fieldId"":""f0000001-0001-0001-0001-000000000002""},{""value"":2533.4032,""fieldId"":""f0000001-0001-0001-0001-000000000003""},{""value"":""青岛富群房地产开发有限公司"",""fieldId"":""f0000001-0001-0001-0001-000000000004""},{""value"":""2025-09-23"",""fieldId"":""f0000001-0001-0001-0001-000000000005""},{""value"":6138.12,""fieldId"":""f0000001-0001-0001-0001-000000000006""},{""value"":""金沙滩建设"",""fieldId"":""f0000001-0001-0001-0001-000000000007""}]",2026-05-09 01:24:38.002+00,2026-05-09 02:04:20.29383+00
310cbe50-87a5-45ed-9cb3-84568b2c6fa0,a21deeab-7f1d-48fb-9715-a6b6cc8e7108,point,"{""type"":""Point"",""coordinates"":[120.15194535255434,35.94434668071655]}",HD2022-3096青城翰章,昆仑山路东、长江西路北,"{""icon"":""map-pin"",""size"":2,""color"":""#EF4444""}","[{""value"":25070,""fieldId"":""f0000001-0001-0001-0001-000000000003""},{""value"":7789,""fieldId"":""f0000001-0001-0001-0001-000000000006""},{""value"":16093,""fieldId"":""f0000001-0001-0001-0001-000000000001""},{""value"":2,""fieldId"":""f0000001-0001-0001-0001-000000000002""},{""value"":""青岛青城世纪置业有限公司"",""fieldId"":""f0000001-0001-0001-0001-000000000004""},{""value"":""2022-09-16"",""fieldId"":""f0000001-0001-0001-0001-000000000005""},{""value"":""青城"",""fieldId"":""f0000001-0001-0001-0001-000000000007""}]",2026-05-09 06:58:22.514832+00,2026-05-09 07:00:48.933422+00
31f1f0b4-47eb-4bf0-9c17-59def50af6c1,a21deeab-7f1d-48fb-9715-a6b6cc8e7108,point,"{""type"":""Point"",""coordinates"":[120.23564100265504,35.95942402008252]}",HD2023-3095 海信金沙滩,漓江东路南、嘉陵江东路东,"{""icon"":""map-pin"",""size"":3,""color"":""#EF4444""}","[{""value"":43880,""fieldId"":""f0000001-0001-0001-0001-000000000001""},{""value"":1.2,""fieldId"":""f0000001-0001-0001-0001-000000000002""},{""value"":63245.1216,""fieldId"":""f0000001-0001-0001-0001-000000000003""},{""value"":""青岛境海置业有限公司"",""fieldId"":""f0000001-0001-0001-0001-000000000004""},{""value"":""2023-12-19"",""fieldId"":""f0000001-0001-0001-0001-000000000005""},{""value"":12011,""fieldId"":""f0000001-0001-0001-0001-000000000006""},{""value"":""境海"",""fieldId"":""f0000001-0001-0001-0001-000000000007""}]",2026-05-09 01:24:38.003+00,2026-05-09 05:35:10.247098+00
32e0315c-dd3f-45b1-9dde-e6b43cc6a73e,a21deeab-7f1d-48fb-9715-a6b6cc8e7108,point,"{""type"":""Point"",""coordinates"":[120.4849147796631,36.19136910069278]}",LC0605-142a地块（金茂府云栖）,世园大道以北、东川路以东、天水路以南、世博园以西,"{""icon"":""map-pin"",""size"":3,""color"":""#EF4444""}","[{""value"":32675.6,""fieldId"":""f0000001-0001-0001-0001-000000000001""},{""value"":2.2,""fieldId"":""f0000001-0001-0001-0001-000000000002""},{""value"":86263.584,""fieldId"":""f0000001-0001-0001-0001-000000000003""},{""value"":""青岛世园城茂置业有限公司"",""fieldId"":""f0000001-0001-0001-0001-000000000004""},{""value"":""2022-09-27"",""fieldId"":""f0000001-0001-0001-0001-000000000005""},{""value"":12000,""fieldId"":""f0000001-0001-0001-0001-000000000006""},{""value"":""金茂"",""fieldId"":""f0000001-0001-0001-0001-000000000007""}]",2026-05-08 06:24:26.038+00,2026-05-08 07:05:31.29012+00
33b95e7d-d22b-4914-8aca-44ce22d491a5,a21deeab-7f1d-48fb-9715-a6b6cc8e7108,point,"{""type"":""Point"",""coordinates"":[120.46783447265626,36.18014662238743]}",上流金诺商务中心项目,金水路以北、汉川路以东、金水支路以西,"{""icon"":""map-pin"",""size"":3,""color"":""#EF4444""}","[{""value"":42693.3,""fieldId"":""f0000001-0001-0001-0001-000000000001""},{""value"":2.87,""fieldId"":""f0000001-0001-0001-0001-000000000002""},{""value"":106632.288,""fieldId"":""f0000001-0001-0001-0001-000000000003""},{""value"":""青岛上流建设发展有限公司"",""fieldId"":""f0000001-0001-0001-0001-000000000004""},{""value"":""2019-12-20"",""fieldId"":""f0000001-0001-0001-0001-000000000005""},{""value"":8702.56,""fieldId"":""f0000001-0001-0001-0001-000000000006""},{""value"":""上流建设"",""fieldId"":""f0000001-0001-0001-0001-000000000007""}]",2026-05-08 06:24:26.038+00,2026-05-08 07:40:10.432802+00
34dcf411-ccc7-40e6-981e-4211db4e0b4c,a21deeab-7f1d-48fb-9715-a6b6cc8e7108,point,"{""type"":""Point"",""coordinates"":[120.37205815315248,36.19684120745238]}",LC0701-028地块（衡阳路人才住房）,衡阳路以南、浏阳路以西,"{""icon"":""map-pin"",""size"":3,""color"":""#EF4444""}","[{""value"":49600.2,""fieldId"":""f0000001-0001-0001-0001-000000000001""},{""value"":2.73,""fieldId"":""f0000001-0001-0001-0001-000000000002""},{""value"":13535.6012,""fieldId"":""f0000001-0001-0001-0001-000000000003""},{""value"":""青岛李沧房投置业投资有限公司"",""fieldId"":""f0000001-0001-0001-0001-000000000004""},{""value"":""2020-07-07"",""fieldId"":""f0000001-0001-0001-0001-000000000005""},{""value"":999.61,""fieldId"":""f0000001-0001-0001-0001-000000000006""},{""value"":""青铁"",""fieldId"":""f0000001-0001-0001-0001-000000000007""}]",2026-05-08 06:24:26.038+00,2026-05-08 07:24:54.753824+00
3952aa7e-90f3-4467-96b4-c05cb7d50f18,a21deeab-7f1d-48fb-9715-a6b6cc8e7108,point,"{""type"":""Point"",""coordinates"":[120.45605421066286,36.18203446656487]}",LC0602-29地块,广水路以南、合川路以东,"{""icon"":""map-pin"",""size"":3,""color"":""#EF4444""}","[{""value"":24193.5,""fieldId"":""f0000001-0001-0001-0001-000000000001""},{""value"":1.2,""fieldId"":""f0000001-0001-0001-0001-000000000002""},{""value"":36885.4101,""fieldId"":""f0000001-0001-0001-0001-000000000003""},{""value"":""青岛和达城瑞投资有限公司"",""fieldId"":""f0000001-0001-0001-0001-000000000004""},{""value"":""2023-06-07"",""fieldId"":""f0000001-0001-0001-0001-000000000005""},{""value"":12705,""fieldId"":""f0000001-0001-0001-0001-000000000006""},{""value"":""和达"",""fieldId"":""f0000001-0001-0001-0001-000000000007""}]",2026-05-08 06:24:26.038+00,2026-05-08 06:50:57.167612+00
3eee37ca-ca7f-4412-82c7-3546532967df,a21deeab-7f1d-48fb-9715-a6b6cc8e7108,point,"{""type"":""Point"",""coordinates"":[120.15402674674989,35.9426442196902]}",HD2023-3010 青城翰章和阅,妙峰山路东、长江西路北,"{""icon"":""map-pin"",""size"":3,""color"":""#EF4444""}","[{""value"":5495,""fieldId"":""f0000001-0001-0001-0001-000000000001""},{""value"":2.5,""fieldId"":""f0000001-0001-0001-0001-000000000002""},{""value"":11643.905,""fieldId"":""f0000001-0001-0001-0001-000000000003""},{""value"":""青岛恒翰诚投资发展有限公司"",""fieldId"":""f0000001-0001-0001-0001-000000000004""},{""value"":""2023-06-08"",""fieldId"":""f0000001-0001-0001-0001-000000000005""},{""value"":8476,""fieldId"":""f0000001-0001-0001-0001-000000000006""},{""value"":""青城"",""fieldId"":""f0000001-0001-0001-0001-000000000007""}]",2026-05-09 01:24:38.003+00,2026-05-09 03:05:11.318001+00
3f3ffa14-e555-46e8-b3df-1c495b41e2eb,a21deeab-7f1d-48fb-9715-a6b6cc8e7108,point,"{""type"":""Point"",""coordinates"":[120.03790855407716,35.90128747814897]}",HD2024-3038万科,灵海路北、水城路东,"{""icon"":""map-pin"",""size"":3,""color"":""#EF4444""}","[{""value"":5185,""fieldId"":""f0000001-0001-0001-0001-000000000001""},{""value"":2.4,""fieldId"":""f0000001-0001-0001-0001-000000000002""},{""value"":3791.6868,""fieldId"":""f0000001-0001-0001-0001-000000000003""},{""value"":""青岛万珠置业有限公司"",""fieldId"":""f0000001-0001-0001-0001-000000000004""},{""value"":""2024-10-15"",""fieldId"":""f0000001-0001-0001-0001-000000000005""},{""value"":3047,""fieldId"":""f0000001-0001-0001-0001-000000000006""},{""value"":""万科&黑卓"",""fieldId"":""f0000001-0001-0001-0001-000000000007""}]",2026-05-09 01:24:38.003+00,2026-05-09 02:40:03.573682+00
40e06a02-9429-46a0-982a-6d844a53b60f,a21deeab-7f1d-48fb-9715-a6b6cc8e7108,point,"{""type"":""Point"",""coordinates"":[120.05535364151002,35.8944476311735]}",卡地亚嘉园,东岳中路北、两河路西,"{""icon"":""map-pin"",""size"":3,""color"":""#EF4444""}","[{""value"":6730.4,""fieldId"":""f0000001-0001-0001-0001-000000000001""},{""value"":3,""fieldId"":""f0000001-0001-0001-0001-000000000002""},{""value"":5965.1468,""fieldId"":""f0000001-0001-0001-0001-000000000003""},{""value"":""青岛珠山书画院有限公司"",""fieldId"":""f0000001-0001-0001-0001-000000000004""},{""value"":""2025-08-27"",""fieldId"":""f0000001-0001-0001-0001-000000000005""},{""value"":2954.33,""fieldId"":""f0000001-0001-0001-0001-000000000006""},{""value"":""联想&金海滨"",""fieldId"":""f0000001-0001-0001-0001-000000000007""}]",2026-05-09 01:24:38.003+00,2026-05-09 03:18:26.026385+00
420c8b7d-15d9-43c5-bc53-175cde0ec7d6,a21deeab-7f1d-48fb-9715-a6b6cc8e7108,point,"{""type"":""Point"",""coordinates"":[120.41453361511232,36.136886946601386]}",LC0201-40地块（云谷金茂府）,黑龙江路以北、甘泉路以西,"{""icon"":""map-pin"",""size"":3,""color"":""#EF4444""}","[{""value"":23828.5,""fieldId"":""f0000001-0001-0001-0001-000000000001""},{""value"":1.8,""fieldId"":""f0000001-0001-0001-0001-000000000002""},{""value"":42891.3,""fieldId"":""f0000001-0001-0001-0001-000000000003""},{""value"":""青岛海璟恒创置业有限公司"",""fieldId"":""f0000001-0001-0001-0001-000000000004""},{""value"":""2021-09-29"",""fieldId"":""f0000001-0001-0001-0001-000000000005""},{""value"":10000,""fieldId"":""f0000001-0001-0001-0001-000000000006""},{""value"":""金茂"",""fieldId"":""f0000001-0001-0001-0001-000000000007""}]",2026-05-08 06:24:26.038+00,2026-05-08 07:36:54.569149+00
44716396-aba6-47ba-a24d-ea89646ec59f,a21deeab-7f1d-48fb-9715-a6b6cc8e7108,point,"{""type"":""Point"",""coordinates"":[119.96692657470705,35.883556540953265]}",HD2025-3037海投,东岳中路南、嘉富路东,"{""icon"":""map-pin"",""size"":3,""color"":""#EF4444""}","[{""value"":51451,""fieldId"":""f0000001-0001-0001-0001-000000000001""},{""value"":2.8,""fieldId"":""f0000001-0001-0001-0001-000000000002""},{""value"":37758.8599,""fieldId"":""f0000001-0001-0001-0001-000000000003""},{""value"":""青岛华盛房地产有限公司"",""fieldId"":""f0000001-0001-0001-0001-000000000004""},{""value"":""2025-09-19"",""fieldId"":""f0000001-0001-0001-0001-000000000005""},{""value"":2621,""fieldId"":""f0000001-0001-0001-0001-000000000006""},{""value"":""海投"",""fieldId"":""f0000001-0001-0001-0001-000000000007""}]",2026-05-09 01:24:38.003+00,2026-05-09 02:53:55.987865+00
45555aae-8b60-42c9-8584-bb49b8d87c3c,a21deeab-7f1d-48fb-9715-a6b6cc8e7108,point,"{""type"":""Point"",""coordinates"":[120.16869306564332,35.96083086002356]}",HD2023-3098 致远里,黄浦江路北，太行山路西,"{""icon"":""map-pin"",""size"":3,""color"":""#EF4444""}","[{""value"":7206,""fieldId"":""f0000001-0001-0001-0001-000000000001""},{""value"":1.2,""fieldId"":""f0000001-0001-0001-0001-000000000002""},{""value"":8873.7566,""fieldId"":""f0000001-0001-0001-0001-000000000003""},{""value"":""青岛都市佳园开发建设有限公司"",""fieldId"":""f0000001-0001-0001-0001-000000000004""},{""value"":""2023-12-25"",""fieldId"":""f0000001-0001-0001-0001-000000000005""},{""value"":10262,""fieldId"":""f0000001-0001-0001-0001-000000000006""},{""value"":""海控&利盾安保"",""fieldId"":""f0000001-0001-0001-0001-000000000007""}]",2026-05-09 01:24:38.003+00,2026-05-09 05:32:31.068615+00
45e5e75c-3c52-4a08-b74a-b1be7ad90eff,a21deeab-7f1d-48fb-9715-a6b6cc8e7108,point,"{""type"":""Point"",""coordinates"":[120.47341346740724,36.19933469888071]}",LC0604-15a地块,天水路以南、宾川路以东,"{""icon"":""map-pin"",""size"":3,""color"":""#EF4444""}","[{""value"":16776.7,""fieldId"":""f0000001-0001-0001-0001-000000000001""},{""value"":1.2,""fieldId"":""f0000001-0001-0001-0001-000000000002""},{""value"":27057.4618,""fieldId"":""f0000001-0001-0001-0001-000000000003""},{""value"":""青岛和达宁峰置业有限公司"",""fieldId"":""f0000001-0001-0001-0001-000000000004""},{""value"":""2023-10-24"",""fieldId"":""f0000001-0001-0001-0001-000000000005""},{""value"":13440,""fieldId"":""f0000001-0001-0001-0001-000000000006""},{""value"":""和达"",""fieldId"":""f0000001-0001-0001-0001-000000000007""}]",2026-05-08 06:24:26.038+00,2026-05-08 06:45:41.335187+00
47b49509-b26a-4c47-8181-e46b6088e43e,a21deeab-7f1d-48fb-9715-a6b6cc8e7108,point,"{""type"":""Point"",""coordinates"":[120.45717000961305,36.159732484914365]}",LC0302-31地块（交运万竹云峰）,合川路以东、习水路以北,"{""icon"":""map-pin"",""size"":3,""color"":""#EF4444""}","[{""value"":43862.1,""fieldId"":""f0000001-0001-0001-0001-000000000001""},{""value"":1.01,""fieldId"":""f0000001-0001-0001-0001-000000000002""},{""value"":44300.7,""fieldId"":""f0000001-0001-0001-0001-000000000003""},{""value"":""交运金水（青岛）建设发展有限公司"",""fieldId"":""f0000001-0001-0001-0001-000000000004""},{""value"":""2020-06-29"",""fieldId"":""f0000001-0001-0001-0001-000000000005""},{""value"":10000,""fieldId"":""f0000001-0001-0001-0001-000000000006""},{""value"":""交运"",""fieldId"":""f0000001-0001-0001-0001-000000000007""}]",2026-05-08 06:24:26.038+00,2026-05-08 07:25:45.290008+00
486a3c13-e8d6-43c5-8454-00e7a5c82856,a21deeab-7f1d-48fb-9715-a6b6cc8e7108,point,"{""type"":""Point"",""coordinates"":[120.38071632385254,36.166445399438636]}",LC0101-41地块,四流中路以西、规划站前路以北,"{""icon"":""map-pin"",""size"":3,""color"":""#EF4444""}","[{""value"":26815.5,""fieldId"":""f0000001-0001-0001-0001-000000000001""},{""value"":2.9,""fieldId"":""f0000001-0001-0001-0001-000000000002""},{""value"":67266.6818,""fieldId"":""f0000001-0001-0001-0001-000000000003""},{""value"":""中铁二十局集团房地产开发有限公司"",""fieldId"":""f0000001-0001-0001-0001-000000000004""},{""value"":""2023-10-20"",""fieldId"":""f0000001-0001-0001-0001-000000000005""},{""value"":8650,""fieldId"":""f0000001-0001-0001-0001-000000000006""},{""value"":""中铁二十局"",""fieldId"":""f0000001-0001-0001-0001-000000000007""}]",2026-05-08 06:24:26.038+00,2026-05-08 06:46:37.948199+00
4ce4e60f-8c03-4e26-b8b2-6ba876163c55,a21deeab-7f1d-48fb-9715-a6b6cc8e7108,point,"{""type"":""Point"",""coordinates"":[120.48740386962892,36.19597539324289]}",LC0605-27地块,涞水路以北、汇川路以东,"{""icon"":""map-pin"",""size"":3,""color"":""#EF4444""}","[{""value"":21239.4,""fieldId"":""f0000001-0001-0001-0001-000000000001""},{""value"":1.5,""fieldId"":""f0000001-0001-0001-0001-000000000002""},{""value"":39425.6363,""fieldId"":""f0000001-0001-0001-0001-000000000003""},{""value"":""青岛世园兴茂置业有限公司"",""fieldId"":""f0000001-0001-0001-0001-000000000004""},{""value"":""2023-05-18"",""fieldId"":""f0000001-0001-0001-0001-000000000005""},{""value"":12375,""fieldId"":""f0000001-0001-0001-0001-000000000006""},{""value"":""金茂"",""fieldId"":""f0000001-0001-0001-0001-000000000007""}]",2026-05-08 06:24:26.038+00,2026-05-08 06:52:14.789193+00
51a68f93-6145-4cfe-a481-698aef726597,a21deeab-7f1d-48fb-9715-a6b6cc8e7108,point,"{""type"":""Point"",""coordinates"":[120.47113895416261,36.19992342832315]}",LC0604-03地块,世园大道以北、汉川路以东、天水路以南、东川路以西,"{""icon"":""map-pin"",""size"":3,""color"":""#EF4444""}","[{""value"":62289.1,""fieldId"":""f0000001-0001-0001-0001-000000000001""},{""value"":1.3,""fieldId"":""f0000001-0001-0001-0001-000000000002""},{""value"":97170.996,""fieldId"":""f0000001-0001-0001-0001-000000000003""},{""value"":""青岛和达绣峰置业有限公司"",""fieldId"":""f0000001-0001-0001-0001-000000000004""},{""value"":""2022-09-27"",""fieldId"":""f0000001-0001-0001-0001-000000000005""},{""value"":12000,""fieldId"":""f0000001-0001-0001-0001-000000000006""},{""value"":""和达"",""fieldId"":""f0000001-0001-0001-0001-000000000007""}]",2026-05-08 06:24:26.038+00,2026-05-08 07:03:00.119633+00
5317c3cd-4b6a-4352-a5b0-784ab657aed2,a21deeab-7f1d-48fb-9715-a6b6cc8e7108,point,"{""type"":""Point"",""coordinates"":[120.46779155731203,36.16590838743155]}",LC0303-14地块（亿联项目）,九水东路以南、汉川路以东,"{""icon"":""map-pin"",""size"":3,""color"":""#EF4444""}","[{""value"":25046,""fieldId"":""f0000001-0001-0001-0001-000000000001""},{""value"":2.2,""fieldId"":""f0000001-0001-0001-0001-000000000002""},{""value"":55542.0096,""fieldId"":""f0000001-0001-0001-0001-000000000003""},{""value"":""青岛汇信置业有限公司"",""fieldId"":""f0000001-0001-0001-0001-000000000004""},{""value"":""2024-04-11"",""fieldId"":""f0000001-0001-0001-0001-000000000005""},{""value"":10080,""fieldId"":""f0000001-0001-0001-0001-000000000006""},{""value"":""亿联"",""fieldId"":""f0000001-0001-0001-0001-000000000007""}]",2026-05-08 06:24:26.038+00,2026-05-08 07:41:36.396998+00
55097fe7-811f-447c-b0d2-e705489b5db3,a21deeab-7f1d-48fb-9715-a6b6cc8e7108,point,"{""type"":""Point"",""coordinates"":[120.10136961936952,36.100651392566625]}",城发昆仑山路项目（协议出让）,昆仑山路西、甜水河路南,"{""icon"":""map-pin"",""size"":3,""color"":""#8B5CF6""}","[{""value"":5066,""fieldId"":""f0000001-0001-0001-0001-000000000001""},{""value"":1.7,""fieldId"":""f0000001-0001-0001-0001-000000000002""},{""value"":null,""fieldId"":""f0000001-0001-0001-0001-000000000003""},{""value"":""城发投资集团有限公司"",""fieldId"":""f0000001-0001-0001-0001-000000000004""},{""value"":""2024-01-30"",""fieldId"":""f0000001-0001-0001-0001-000000000005""},{""value"":null,""fieldId"":""f0000001-0001-0001-0001-000000000006""},{""value"":""城发"",""fieldId"":""f0000001-0001-0001-0001-000000000007""}]",2026-05-09 01:24:38.003+00,2026-05-09 05:40:13.11997+00
566f3304-6e51-4378-908b-bd2efa084957,a21deeab-7f1d-48fb-9715-a6b6cc8e7108,point,"{""type"":""Point"",""coordinates"":[120.04039764404298,35.91783276990701]}",和达可园二期（协议补充）,两河路西、泰发路南,"{""icon"":""map-pin"",""size"":3,""color"":""#EF4444""}","[{""value"":147,""fieldId"":""f0000001-0001-0001-0001-000000000001""},{""value"":2,""fieldId"":""f0000001-0001-0001-0001-000000000002""},{""value"":100.7538,""fieldId"":""f0000001-0001-0001-0001-000000000003""},{""value"":""青岛和达博丰实业有限公司"",""fieldId"":""f0000001-0001-0001-0001-000000000004""},{""value"":""2023-11-07"",""fieldId"":""f0000001-0001-0001-0001-000000000005""},{""value"":3427,""fieldId"":""f0000001-0001-0001-0001-000000000006""},{""value"":""和达"",""fieldId"":""f0000001-0001-0001-0001-000000000007""}]",2026-05-09 01:24:38.003+00,2026-05-09 05:24:41.366839+00
5698c0ac-4208-4cba-984b-acbfae5aa975,a21deeab-7f1d-48fb-9715-a6b6cc8e7108,point,"{""type"":""Point"",""coordinates"":[120.2058255672455,35.966345083581515]}",HD2022-3143号城发,白云山路东、嘉陵江路南,"{""icon"":""map-pin"",""size"":2,""color"":""#EF4444""}","[{""value"":13273,""fieldId"":""f0000001-0001-0001-0001-000000000001""},{""value"":3.2,""fieldId"":""f0000001-0001-0001-0001-000000000002""},{""value"":7657,""fieldId"":""f0000001-0001-0001-0001-000000000006""},{""value"":""城发集团（青岛）启盛投资开发有限公司,城发集团(青岛)旅游发展有限公司"",""fieldId"":""f0000001-0001-0001-0001-000000000004""},{""value"":""城发"",""fieldId"":""f0000001-0001-0001-0001-000000000007""},{""value"":32522,""fieldId"":""f0000001-0001-0001-0001-000000000003""}]",2026-05-09 06:45:30.482805+00,2026-05-09 06:46:30.172075+00
580f0e91-f00c-4121-9fc5-940c366a6463,a21deeab-7f1d-48fb-9715-a6b6cc8e7108,point,"{""type"":""Point"",""coordinates"":[120.21090030670167,35.95956296835252]}",HD2022-3144城发,衡山路西、长江路南,"{""icon"":""map-pin"",""size"":2,""color"":""#EF4444""}","[{""value"":3898,""fieldId"":""f0000001-0001-0001-0001-000000000001""},{""value"":2.84,""fieldId"":""f0000001-0001-0001-0001-000000000002""},{""value"":9182,""fieldId"":""f0000001-0001-0001-0001-000000000006""},{""value"":""2022-12-20"",""fieldId"":""f0000001-0001-0001-0001-000000000005""},{""value"":""城发"",""fieldId"":""f0000001-0001-0001-0001-000000000007""},{""value"":""城发集团（青岛）启盛投资开发有限公司,城发集团(青岛)旅游发展有限公司 "",""fieldId"":""f0000001-0001-0001-0001-000000000004""},{""value"":10164.7678,""fieldId"":""f0000001-0001-0001-0001-000000000003""}]",2026-05-09 06:35:58.412001+00,2026-05-09 06:42:59.227036+00
5c8f0a13-9edd-4b0f-be01-0f52c2168abd,a21deeab-7f1d-48fb-9715-a6b6cc8e7108,point,"{""type"":""Point"",""coordinates"":[120.16744852066041,35.959823495699894]}",HD2022-3051号中海半山云境,太行山路西、富春江路北,"{""icon"":""map-pin"",""size"":2,""color"":""#EF4444""}","[{""value"":28535,""fieldId"":""f0000001-0001-0001-0001-000000000001""},{""value"":2.9,""fieldId"":""f0000001-0001-0001-0001-000000000002""},{""value"":73263.3692,""fieldId"":""f0000001-0001-0001-0001-000000000003""},{""value"":""济南中海地产投资有限公司"",""fieldId"":""f0000001-0001-0001-0001-000000000004""},{""value"":""2022-06-16"",""fieldId"":""f0000001-0001-0001-0001-000000000005""},{""value"":7448,""fieldId"":""f0000001-0001-0001-0001-000000000006""},{""value"":""中海"",""fieldId"":""f0000001-0001-0001-0001-000000000007""}]",2026-05-09 07:22:19.479631+00,2026-05-09 07:23:28.711275+00
6099a669-04fc-4554-ac49-1a0fbf8a8b1a,a21deeab-7f1d-48fb-9715-a6b6cc8e7108,point,"{""type"":""Point"",""coordinates"":[120.17455101013185,35.97109482255521]}",HD2024-3045泽润,香江路北、太行山路东,"{""icon"":""map-pin"",""size"":3,""color"":""#EF4444""}","[{""value"":6890,""fieldId"":""f0000001-0001-0001-0001-000000000001""},{""value"":4,""fieldId"":""f0000001-0001-0001-0001-000000000002""},{""value"":14052.844,""fieldId"":""f0000001-0001-0001-0001-000000000003""},{""value"":""青岛泽润城市更新有限责任公司"",""fieldId"":""f0000001-0001-0001-0001-000000000004""},{""value"":""2024-12-18"",""fieldId"":""f0000001-0001-0001-0001-000000000005""},{""value"":5099,""fieldId"":""f0000001-0001-0001-0001-000000000006""},{""value"":""泽润"",""fieldId"":""f0000001-0001-0001-0001-000000000007""}]",2026-05-09 01:24:38.003+00,2026-05-09 02:32:41.624844+00
68167ea4-6366-4631-9308-c0d7b4dff1c0,a21deeab-7f1d-48fb-9715-a6b6cc8e7108,point,"{""type"":""Point"",""coordinates"":[120.04769325256349,35.921134462284115]}",HD2025-3034城发,胶州湾东路北、兰东路西,"{""icon"":""map-pin"",""size"":3,""color"":""#EF4444""}","[{""value"":10144,""fieldId"":""f0000001-0001-0001-0001-000000000001""},{""value"":2.5,""fieldId"":""f0000001-0001-0001-0001-000000000002""},{""value"":8574.216,""fieldId"":""f0000001-0001-0001-0001-000000000003""},{""value"":""城发集团（青岛）启盛投资开发有限公司"",""fieldId"":""f0000001-0001-0001-0001-000000000004""},{""value"":""2025-09-22"",""fieldId"":""f0000001-0001-0001-0001-000000000005""},{""value"":3381,""fieldId"":""f0000001-0001-0001-0001-000000000006""},{""value"":""城发"",""fieldId"":""f0000001-0001-0001-0001-000000000007""}]",2026-05-09 01:24:38.002+00,2026-05-09 02:14:18.36923+00
6fac5f1b-d346-46e8-8740-08a68909384e,a21deeab-7f1d-48fb-9715-a6b6cc8e7108,point,"{""type"":""Point"",""coordinates"":[120.20509600639345,35.95894638353994]}",HD2022-3153号海信君悦,长江中路南、九连山路东,"{""icon"":""map-pin"",""size"":2,""color"":""#EF4444""}","[{""value"":19628,""fieldId"":""f0000001-0001-0001-0001-000000000001""},{""value"":2.4,""fieldId"":""f0000001-0001-0001-0001-000000000002""},{""value"":44568.1219,""fieldId"":""f0000001-0001-0001-0001-000000000003""},{""value"":9461,""fieldId"":""f0000001-0001-0001-0001-000000000006""},{""value"":""海信"",""fieldId"":""f0000001-0001-0001-0001-000000000007""},{""value"":""海信"",""fieldId"":""f0000001-0001-0001-0001-000000000004""},{""value"":""2022-12-20"",""fieldId"":""f0000001-0001-0001-0001-000000000005""}]",2026-05-09 06:38:11.5421+00,2026-05-09 06:42:14.195646+00
72bb88ed-b7c7-4848-b306-f200e84ad026,a21deeab-7f1d-48fb-9715-a6b6cc8e7108,point,"{""type"":""Point"",""coordinates"":[120.21414041519166,35.95053082235329]}",HD2021-3040罗浮湾,滨海大道南、罗浮山路东,"{""icon"":""map-pin"",""size"":2,""color"":""#EF4444""}","[{""value"":""2021-05-14"",""fieldId"":""f0000001-0001-0001-0001-000000000005""},{""value"":8011.16,""fieldId"":""f0000001-0001-0001-0001-000000000001""},{""value"":2.5,""fieldId"":""f0000001-0001-0001-0001-000000000002""},{""value"":17127.86,""fieldId"":""f0000001-0001-0001-0001-000000000003""},{""value"":""青岛智源盛实业有限公司"",""fieldId"":""f0000001-0001-0001-0001-000000000004""},{""value"":8552,""fieldId"":""f0000001-0001-0001-0001-000000000006""},{""value"":""海信"",""fieldId"":""f0000001-0001-0001-0001-000000000007""}]",2026-05-09 06:48:31.015872+00,2026-05-09 06:49:46.695484+00
737db205-d8d5-47cb-b680-88deeaa4d3b0,a21deeab-7f1d-48fb-9715-a6b6cc8e7108,point,"{""type"":""Point"",""coordinates"":[120.46513080596925,36.16133497480805]}",LC0303-17地块,惠水路以南、平川路以西,"{""icon"":""map-pin"",""size"":3,""color"":""#EF4444""}","[{""value"":44450.3,""fieldId"":""f0000001-0001-0001-0001-000000000001""},{""value"":1.11,""fieldId"":""f0000001-0001-0001-0001-000000000002""},{""value"":53977.774,""fieldId"":""f0000001-0001-0001-0001-000000000003""},{""value"":""青岛惠樾置业有限公司"",""fieldId"":""f0000001-0001-0001-0001-000000000004""},{""value"":""2025-12-12"",""fieldId"":""f0000001-0001-0001-0001-000000000005""},{""value"":10940,""fieldId"":""f0000001-0001-0001-0001-000000000006""},{""value"":""海创"",""fieldId"":""f0000001-0001-0001-0001-000000000007""}]",2026-05-08 06:24:26.038+00,2026-05-08 06:28:25.026362+00
78fe2e0c-7105-431b-ab36-b1a9afd2d3a5,a21deeab-7f1d-48fb-9715-a6b6cc8e7108,point,"{""type"":""Point"",""coordinates"":[120.44890880584718,36.17079332890217]}",LC0306-56地块,九水东路以北、铜川路以东,"{""icon"":""map-pin"",""size"":3,""color"":""#EF4444""}","[{""value"":19245.4,""fieldId"":""f0000001-0001-0001-0001-000000000001""},{""value"":2.4,""fieldId"":""f0000001-0001-0001-0001-000000000002""},{""value"":45357.5587,""fieldId"":""f0000001-0001-0001-0001-000000000003""},{""value"":""青岛丰茂置业有限公司"",""fieldId"":""f0000001-0001-0001-0001-000000000004""},{""value"":""2025-11-06"",""fieldId"":""f0000001-0001-0001-0001-000000000005""},{""value"":9820,""fieldId"":""f0000001-0001-0001-0001-000000000006""},{""value"":""青特"",""fieldId"":""f0000001-0001-0001-0001-000000000007""}]",2026-05-08 06:24:26.038+00,2026-05-08 06:38:16.517788+00
7be657b0-f4aa-4048-a11f-6aa4541449e1,a21deeab-7f1d-48fb-9715-a6b6cc8e7108,point,"{""type"":""Point"",""coordinates"":[120.05215644836427,35.89409128241501]}",HD2023-3011兴健华章,东岳中路北、镜台山路西,"{""icon"":""map-pin"",""size"":3,""color"":""#EF4444""}","[{""value"":26134,""fieldId"":""f0000001-0001-0001-0001-000000000001""},{""value"":2.9,""fieldId"":""f0000001-0001-0001-0001-000000000002""},{""value"":24828.3454,""fieldId"":""f0000001-0001-0001-0001-000000000003""},{""value"":""青岛兴西地产投资有限公司"",""fieldId"":""f0000001-0001-0001-0001-000000000004""},{""value"":""2023-06-05"",""fieldId"":""f0000001-0001-0001-0001-000000000005""},{""value"":3276,""fieldId"":""f0000001-0001-0001-0001-000000000006""},{""value"":""兴西"",""fieldId"":""f0000001-0001-0001-0001-000000000007""}]",2026-05-09 01:24:38.003+00,2026-05-09 02:22:47.070603+00
7f7e44e3-5786-4f37-9a71-336a2127f5d4,a21deeab-7f1d-48fb-9715-a6b6cc8e7108,point,"{""type"":""Point"",""coordinates"":[120.4680919647217,36.17765251996188]}",LC0306-01地块（融海启城）,金水路以南、汉川路以东、39号线以西、龙水路两侧,"{""icon"":""map-pin"",""size"":3,""color"":""#EF4444""}","[{""value"":64312.6,""fieldId"":""f0000001-0001-0001-0001-000000000001""},{""value"":2.5,""fieldId"":""f0000001-0001-0001-0001-000000000002""},{""value"":135385.2,""fieldId"":""f0000001-0001-0001-0001-000000000003""},{""value"":""青岛智谷源建设投资有限公司"",""fieldId"":""f0000001-0001-0001-0001-000000000004""},{""value"":""2020-09-07"",""fieldId"":""f0000001-0001-0001-0001-000000000005""},{""value"":8420.45,""fieldId"":""f0000001-0001-0001-0001-000000000006""},{""value"":""融海国投"",""fieldId"":""f0000001-0001-0001-0001-000000000007""}]",2026-05-08 06:24:26.038+00,2026-05-08 07:23:26.38152+00
800df885-ca59-43e1-b081-180657210728,a21deeab-7f1d-48fb-9715-a6b6cc8e7108,point,"{""type"":""Point"",""coordinates"":[120.04623413085939,35.933610139420175]}",HD2025-3038城发,镜台山路东、两河路西,"{""icon"":""map-pin"",""size"":3,""color"":""#EF4444""}","[{""value"":11545,""fieldId"":""f0000001-0001-0001-0001-000000000001""},{""value"":1.5,""fieldId"":""f0000001-0001-0001-0001-000000000002""},{""value"":6861.1935,""fieldId"":""f0000001-0001-0001-0001-000000000003""},{""value"":""青岛公元置业有限公司"",""fieldId"":""f0000001-0001-0001-0001-000000000004""},{""value"":""2025-09-22"",""fieldId"":""f0000001-0001-0001-0001-000000000005""},{""value"":3962,""fieldId"":""f0000001-0001-0001-0001-000000000006""},{""value"":""城发"",""fieldId"":""f0000001-0001-0001-0001-000000000007""}]",2026-05-09 01:24:38.002+00,2026-05-09 02:28:15.2419+00
87537920-06d7-4dce-95a5-14fca07c5c53,a21deeab-7f1d-48fb-9715-a6b6cc8e7108,point,"{""type"":""Point"",""coordinates"":[120.03797292709352,35.91736357085856]}",HD2022-3136号海高,胶州湾西路北、水城路东,"{""icon"":""map-pin"",""size"":2,""color"":""#EF4444""}","[{""value"":17034,""fieldId"":""f0000001-0001-0001-0001-000000000001""},{""value"":2,""fieldId"":""f0000001-0001-0001-0001-000000000002""},{""value"":3502,""fieldId"":""f0000001-0001-0001-0001-000000000006""},{""value"":""海高"",""fieldId"":""f0000001-0001-0001-0001-000000000007""},{""value"":""2022-12-20"",""fieldId"":""f0000001-0001-0001-0001-000000000005""},{""value"":""青岛海嘉开发投资有限公司"",""fieldId"":""f0000001-0001-0001-0001-000000000004""},{""value"":11930.6136,""fieldId"":""f0000001-0001-0001-0001-000000000003""}]",2026-05-09 05:52:47.130154+00,2026-05-09 05:55:49.861932+00
884efd8b-783f-4f16-ad4c-a3ded35fd7fe,a21deeab-7f1d-48fb-9715-a6b6cc8e7108,point,"{""type"":""Point"",""coordinates"":[120.17207801342012,35.96709186220481]}",HD2022-3050号瑞源和苑,太行山路东、北江路北,"{""icon"":""map-pin"",""size"":2,""color"":""#EF4444""}","[{""value"":14235,""fieldId"":""f0000001-0001-0001-0001-000000000001""},{""value"":3,""fieldId"":""f0000001-0001-0001-0001-000000000002""},{""value"":31123.404,""fieldId"":""f0000001-0001-0001-0001-000000000003""},{""value"":""青岛瑞源房地产开发有限公司"",""fieldId"":""f0000001-0001-0001-0001-000000000004""},{""value"":""2022-06-16"",""fieldId"":""f0000001-0001-0001-0001-000000000005""},{""value"":7288,""fieldId"":""f0000001-0001-0001-0001-000000000006""},{""value"":""瑞源"",""fieldId"":""f0000001-0001-0001-0001-000000000007""}]",2026-05-09 07:20:05.534158+00,2026-05-09 07:21:13.349929+00
91523b2d-21a0-4ed3-999f-51e883974f8c,a21deeab-7f1d-48fb-9715-a6b6cc8e7108,point,"{""type"":""Point"",""coordinates"":[120.00295400619508,35.8798881749616]}",海嘉·尚悦府,灵山湾路北、水灵山路西,"{""icon"":""map-pin"",""size"":3,""color"":""#EF4444""}","[{""value"":33487,""fieldId"":""f0000001-0001-0001-0001-000000000001""},{""value"":2.8,""fieldId"":""f0000001-0001-0001-0001-000000000002""},{""value"":40580.8861,""fieldId"":""f0000001-0001-0001-0001-000000000003""},{""value"":""青岛海嘉开发投资有限公司"",""fieldId"":""f0000001-0001-0001-0001-000000000004""},{""value"":""2023-09-12"",""fieldId"":""f0000001-0001-0001-0001-000000000005""},{""value"":4328,""fieldId"":""f0000001-0001-0001-0001-000000000006""},{""value"":""海高"",""fieldId"":""f0000001-0001-0001-0001-000000000007""}]",2026-05-09 01:24:38.003+00,2026-05-09 02:55:28.759013+00
91afc50e-9346-4d8c-aa63-285eff62472f,a21deeab-7f1d-48fb-9715-a6b6cc8e7108,point,"{""type"":""Point"",""coordinates"":[120.23677825927736,35.96154295463829]}",HD2023-3096 海信金沙滩,漓江东路南、嘉陵江东路东,"{""icon"":""map-pin"",""size"":3,""color"":""#EF4444""}","[{""value"":18869,""fieldId"":""f0000001-0001-0001-0001-000000000001""},{""value"":1.6,""fieldId"":""f0000001-0001-0001-0001-000000000002""},{""value"":33245.6685,""fieldId"":""f0000001-0001-0001-0001-000000000003""},{""value"":""青岛境海置业有限公司"",""fieldId"":""f0000001-0001-0001-0001-000000000004""},{""value"":""2023-12-19"",""fieldId"":""f0000001-0001-0001-0001-000000000005""},{""value"":11012,""fieldId"":""f0000001-0001-0001-0001-000000000006""},{""value"":""境海"",""fieldId"":""f0000001-0001-0001-0001-000000000007""}]",2026-05-09 01:24:38.003+00,2026-05-09 05:35:24.994429+00
9f3ae1d4-4b49-45e9-bb12-8e94acf10b7b,a21deeab-7f1d-48fb-9715-a6b6cc8e7108,point,"{""type"":""Point"",""coordinates"":[120.15423059463501,35.94212739390739]}",HD2024-3049 青城翰章,长江西路北、妙峰山路东,"{""icon"":""map-pin"",""size"":2,""color"":""#EF4444""}","[{""value"":1229,""fieldId"":""f0000001-0001-0001-0001-000000000001""},{""value"":2.5,""fieldId"":""f0000001-0001-0001-0001-000000000002""},{""value"":2442,""fieldId"":""f0000001-0001-0001-0001-000000000003""},{""value"":""青岛恒翰诚投资发展有限公司"",""fieldId"":""f0000001-0001-0001-0001-000000000004""},{""value"":""2024-12-31"",""fieldId"":""f0000001-0001-0001-0001-000000000005""},{""value"":8008,""fieldId"":""f0000001-0001-0001-0001-000000000006""},{""value"":""青城"",""fieldId"":""f0000001-0001-0001-0001-000000000007""}]",2026-05-09 03:06:05.158282+00,2026-05-09 03:07:41.127455+00
a86f5f09-da50-4f1f-bbf7-73432dd54c4c,a21deeab-7f1d-48fb-9715-a6b6cc8e7108,point,"{""type"":""Point"",""coordinates"":[120.4860305786133,36.194243736100624]}",LC0605-26a地块,涞水路以南、汇川路以东,"{""icon"":""map-pin"",""size"":3,""color"":""#EF4444""}","[{""value"":40166.4,""fieldId"":""f0000001-0001-0001-0001-000000000001""},{""value"":2,""fieldId"":""f0000001-0001-0001-0001-000000000002""},{""value"":96399.36,""fieldId"":""f0000001-0001-0001-0001-000000000003""},{""value"":""青岛世园方茂置业有限公司"",""fieldId"":""f0000001-0001-0001-0001-000000000004""},{""value"":""2023-05-18"",""fieldId"":""f0000001-0001-0001-0001-000000000005""},{""value"":12000,""fieldId"":""f0000001-0001-0001-0001-000000000006""},{""value"":""招商蛇口"",""fieldId"":""f0000001-0001-0001-0001-000000000007""}]",2026-05-08 06:24:26.038+00,2026-05-08 06:53:13.312528+00
ab85a897-09a1-44c4-befd-30ff223d0c7c,a21deeab-7f1d-48fb-9715-a6b6cc8e7108,point,"{""type"":""Point"",""coordinates"":[120.44897317886354,36.16902647032539]}",LC0306-70地块,九水东路以北、铜川路以东,"{""icon"":""map-pin"",""size"":3,""color"":""#EF4444""}","[{""value"":18448.7,""fieldId"":""f0000001-0001-0001-0001-000000000001""},{""value"":1.7,""fieldId"":""f0000001-0001-0001-0001-000000000002""},{""value"":30421.9063,""fieldId"":""f0000001-0001-0001-0001-000000000003""},{""value"":""青岛悦轩置业有限公司"",""fieldId"":""f0000001-0001-0001-0001-000000000004""},{""value"":""2025-06-30"",""fieldId"":""f0000001-0001-0001-0001-000000000005""},{""value"":9700,""fieldId"":""f0000001-0001-0001-0001-000000000006""},{""value"":""青特"",""fieldId"":""f0000001-0001-0001-0001-000000000007""}]",2026-05-08 06:24:26.038+00,2026-05-08 06:38:35.649075+00
ae8f32c3-02d1-4876-8565-a77ff7c9e4c6,a21deeab-7f1d-48fb-9715-a6b6cc8e7108,point,"{""type"":""Point"",""coordinates"":[120.11391162872316,35.994118756097]}",HD2024-3012 开投,南下庄社区西、前湾港路南,"{""icon"":""map-pin"",""size"":3,""color"":""#EF4444""}","[{""value"":77551,""fieldId"":""f0000001-0001-0001-0001-000000000001""},{""value"":1.4,""fieldId"":""f0000001-0001-0001-0001-000000000002""},{""value"":47315.4161,""fieldId"":""f0000001-0001-0001-0001-000000000003""},{""value"":""青岛开投隆胜置业有限公司"",""fieldId"":""f0000001-0001-0001-0001-000000000004""},{""value"":""2024-04-15"",""fieldId"":""f0000001-0001-0001-0001-000000000005""},{""value"":4358,""fieldId"":""f0000001-0001-0001-0001-000000000006""},{""value"":""开投"",""fieldId"":""f0000001-0001-0001-0001-000000000007""}]",2026-05-09 01:24:38.003+00,2026-05-09 05:10:54.160649+00
b23fa17d-473a-4725-b53a-33bf5cfd7191,a21deeab-7f1d-48fb-9715-a6b6cc8e7108,point,"{""type"":""Point"",""coordinates"":[120.43929576873781,36.15028145944693]}",青山湖岸,枣山路以南、老鸦岭水库以西、青山路以北、规划一号线以东,"{""icon"":""map-pin"",""size"":3,""color"":""#EF4444""}","[{""value"":40966.5,""fieldId"":""f0000001-0001-0001-0001-000000000001""},{""value"":2.21,""fieldId"":""f0000001-0001-0001-0001-000000000002""},{""value"":95005.386,""fieldId"":""f0000001-0001-0001-0001-000000000003""},{""value"":""青岛中青天一置业有限公司"",""fieldId"":""f0000001-0001-0001-0001-000000000004""},{""value"":""2022-09-27"",""fieldId"":""f0000001-0001-0001-0001-000000000005""},{""value"":257.68,""fieldId"":""f0000001-0001-0001-0001-000000000006""},{""value"":""天一仁和&建信"",""fieldId"":""f0000001-0001-0001-0001-000000000007""}]",2026-05-08 06:24:26.038+00,2026-05-09 07:05:06.940314+00
b4caef08-89e4-415f-ad29-4739ec2fc475,a21deeab-7f1d-48fb-9715-a6b6cc8e7108,point,"{""type"":""Point"",""coordinates"":[120.4675340652466,36.161889342064235]}",LC0303-16地块,惠水路以南、平川路以西,"{""icon"":""map-pin"",""size"":3,""color"":""#EF4444""}","[{""value"":54143,""fieldId"":""f0000001-0001-0001-0001-000000000001""},{""value"":1.22,""fieldId"":""f0000001-0001-0001-0001-000000000002""},{""value"":69753.5098,""fieldId"":""f0000001-0001-0001-0001-000000000003""},{""value"":""青岛惠风置业有限公司"",""fieldId"":""f0000001-0001-0001-0001-000000000004""},{""value"":""2025-12-12"",""fieldId"":""f0000001-0001-0001-0001-000000000005""},{""value"":10560,""fieldId"":""f0000001-0001-0001-0001-000000000006""},{""value"":""海创"",""fieldId"":""f0000001-0001-0001-0001-000000000007""}]",2026-05-08 06:24:26.038+00,2026-05-08 06:28:14.040276+00
bb295f94-0096-4574-9e91-c1f9f817d184,a21deeab-7f1d-48fb-9715-a6b6cc8e7108,point,"{""type"":""Point"",""coordinates"":[120.16120433807373,35.964669147704086]}",HD2025-3021中海天空之镜,江山南路东、钱塘江路南,"{""icon"":""map-pin"",""size"":3,""color"":""#EF4444""}","[{""value"":51209,""fieldId"":""f0000001-0001-0001-0001-000000000001""},{""value"":1.8,""fieldId"":""f0000001-0001-0001-0001-000000000002""},{""value"":73732,""fieldId"":""f0000001-0001-0001-0001-000000000003""},{""value"":""青岛海慧佳业房地产有限公司"",""fieldId"":""f0000001-0001-0001-0001-000000000004""},{""value"":""2025-06-25"",""fieldId"":""f0000001-0001-0001-0001-000000000005""},{""value"":7999.03,""fieldId"":""f0000001-0001-0001-0001-000000000006""},{""value"":""中海"",""fieldId"":""f0000001-0001-0001-0001-000000000007""}]",2026-05-09 01:24:38.003+00,2026-05-09 03:21:56.512762+00
bdb1870e-2975-4895-962c-909ce6cee2f2,a21deeab-7f1d-48fb-9715-a6b6cc8e7108,point,"{""type"":""Point"",""coordinates"":[120.14843702316286,35.9579476796168]}",HD2022-3095 曦东儒居,昆仑山路以东、三江路以北,"{""icon"":""map-pin"",""size"":2,""color"":""#EF4444""}","[{""value"":25241,""fieldId"":""f0000001-0001-0001-0001-000000000001""},{""value"":2.5,""fieldId"":""f0000001-0001-0001-0001-000000000002""},{""value"":42489.1415,""fieldId"":""f0000001-0001-0001-0001-000000000003""},{""value"":""金沙滩"",""fieldId"":""f0000001-0001-0001-0001-000000000007""},{""value"":7046,""fieldId"":""f0000001-0001-0001-0001-000000000006""},{""value"":""青岛金沙滩建设"",""fieldId"":""f0000001-0001-0001-0001-000000000004""},{""value"":""2022-09-16"",""fieldId"":""f0000001-0001-0001-0001-000000000005""}]",2026-05-09 07:26:59.477258+00,2026-05-09 07:31:04.999469+00
bf3ef61a-6c98-4df2-906c-be472c9b373f,a21deeab-7f1d-48fb-9715-a6b6cc8e7108,point,"{""type"":""Point"",""coordinates"":[120.45101165771486,36.15961987628468]}",华新园河岸首府,青岛市石牛山路以东、惠水路以南,"{""icon"":""map-pin"",""size"":3,""color"":""#EF4444""}","[{""value"":41524.6,""fieldId"":""f0000001-0001-0001-0001-000000000001""},{""value"":1.8,""fieldId"":""f0000001-0001-0001-0001-000000000002""},{""value"":65999.2699,""fieldId"":""f0000001-0001-0001-0001-000000000003""},{""value"":""青岛郑实惠顺置业有限公司"",""fieldId"":""f0000001-0001-0001-0001-000000000004""},{""value"":""2021-09-23"",""fieldId"":""f0000001-0001-0001-0001-000000000005""},{""value"":8830.01,""fieldId"":""f0000001-0001-0001-0001-000000000006""},{""value"":""华新园"",""fieldId"":""f0000001-0001-0001-0001-000000000007""}]",2026-05-08 06:24:26.038+00,2026-05-08 07:13:33.999738+00
c242bbec-28f9-4ac7-9fbf-c36c083dafbd,a21deeab-7f1d-48fb-9715-a6b6cc8e7108,point,"{""type"":""Point"",""coordinates"":[120.46730875968935,36.17584251397154]}",LC0306-02地块（融海启城）,金水路以南、汉川路以东、39号线以西、龙水路两侧,"{""icon"":""map-pin"",""size"":3,""color"":""#EF4444""}","[{""value"":46528.3,""fieldId"":""f0000001-0001-0001-0001-000000000001""},{""value"":2,""fieldId"":""f0000001-0001-0001-0001-000000000002""},{""value"":74445.28,""fieldId"":""f0000001-0001-0001-0001-000000000003""},{""value"":""青岛智谷源建设投资有限公司"",""fieldId"":""f0000001-0001-0001-0001-000000000004""},{""value"":""2020-09-07"",""fieldId"":""f0000001-0001-0001-0001-000000000005""},{""value"":8000,""fieldId"":""f0000001-0001-0001-0001-000000000006""},{""value"":""融海国投"",""fieldId"":""f0000001-0001-0001-0001-000000000007""}]",2026-05-08 06:24:26.038+00,2026-05-08 07:23:43.990783+00
c275a75f-32a6-46f4-b0cc-8a946cc46d36,a21deeab-7f1d-48fb-9715-a6b6cc8e7108,point,"{""type"":""Point"",""coordinates"":[120.48221111297609,36.19188862092832]}",LC0605-137地块,世园大道以北、东川路以东、天水路以南、世博园以西,"{""icon"":""map-pin"",""size"":3,""color"":""#EF4444""}","[{""value"":41325.5,""fieldId"":""f0000001-0001-0001-0001-000000000001""},{""value"":2.1,""fieldId"":""f0000001-0001-0001-0001-000000000002""},{""value"":104140.26,""fieldId"":""f0000001-0001-0001-0001-000000000003""},{""value"":""青岛世园城茂置业有限公司"",""fieldId"":""f0000001-0001-0001-0001-000000000004""},{""value"":""2022-09-27"",""fieldId"":""f0000001-0001-0001-0001-000000000005""},{""value"":12000,""fieldId"":""f0000001-0001-0001-0001-000000000006""},{""value"":""金茂"",""fieldId"":""f0000001-0001-0001-0001-000000000007""}]",2026-05-08 06:24:26.038+00,2026-05-08 07:03:52.05294+00
c4a53483-bf6d-46cb-940c-9268786846dd,a21deeab-7f1d-48fb-9715-a6b6cc8e7108,point,"{""type"":""Point"",""coordinates"":[120.4710102081299,36.198434280581516]}",LC0604-05地块,涞水路以北、宾川路以西,"{""icon"":""map-pin"",""size"":3,""color"":""#EF4444""}","[{""value"":12989.2,""fieldId"":""f0000001-0001-0001-0001-000000000001""},{""value"":1.3,""fieldId"":""f0000001-0001-0001-0001-000000000002""},{""value"":20263.152,""fieldId"":""f0000001-0001-0001-0001-000000000003""},{""value"":""青岛和达嘉峰置业有限公司"",""fieldId"":""f0000001-0001-0001-0001-000000000004""},{""value"":""2022-12-28"",""fieldId"":""f0000001-0001-0001-0001-000000000005""},{""value"":12000,""fieldId"":""f0000001-0001-0001-0001-000000000006""},{""value"":""和达"",""fieldId"":""f0000001-0001-0001-0001-000000000007""}]",2026-05-08 06:24:26.038+00,2026-05-08 06:57:16.004016+00
c6b7e136-bba4-4204-93bd-0f104f24ba9f,a21deeab-7f1d-48fb-9715-a6b6cc8e7108,point,"{""type"":""Point"",""coordinates"":[120.1464629173279,35.97897858471585]}",HD2022-3036号开投新都樾府,大罗山路西，嘉陵江路南,"{""icon"":""map-pin"",""size"":2,""color"":""#EF4444""}","[{""value"":16622,""fieldId"":""f0000001-0001-0001-0001-000000000001""},{""value"":2,""fieldId"":""f0000001-0001-0001-0001-000000000002""},{""value"":17745.6472,""fieldId"":""f0000001-0001-0001-0001-000000000003""},{""value"":""青岛开投隆宇文化发展有限公司,青岛开投宇洋企业咨询服务有限公"",""fieldId"":""f0000001-0001-0001-0001-000000000004""},{""value"":""2022-06-16"",""fieldId"":""f0000001-0001-0001-0001-000000000005""},{""value"":5338,""fieldId"":""f0000001-0001-0001-0001-000000000006""},{""value"":""开投"",""fieldId"":""f0000001-0001-0001-0001-000000000007""}]",2026-05-09 07:14:57.106359+00,2026-05-09 07:16:25.614959+00
c97c0084-98d8-48c1-bd97-dd32c03b261c,a21deeab-7f1d-48fb-9715-a6b6cc8e7108,point,"{""type"":""Point"",""coordinates"":[120.46433687210084,36.18012930250547]}",LC0602-45地块（青铁芳华地）,金水路以北、达川路以东,"{""icon"":""map-pin"",""size"":3,""color"":""#EF4444""}","[{""value"":30603.8,""fieldId"":""f0000001-0001-0001-0001-000000000001""},{""value"":2.3,""fieldId"":""f0000001-0001-0001-0001-000000000002""},{""value"":71585.3486,""fieldId"":""f0000001-0001-0001-0001-000000000003""},{""value"":""青岛青铁金达置业投资有限公司"",""fieldId"":""f0000001-0001-0001-0001-000000000004""},{""value"":""2023-12-25"",""fieldId"":""f0000001-0001-0001-0001-000000000005""},{""value"":10170,""fieldId"":""f0000001-0001-0001-0001-000000000006""},{""value"":""青铁"",""fieldId"":""f0000001-0001-0001-0001-000000000007""}]",2026-05-08 06:24:26.038+00,2026-05-08 06:44:15.286172+00
cad0573d-cf51-4c87-a643-1c69b3e8a04a,a21deeab-7f1d-48fb-9715-a6b6cc8e7108,point,"{""type"":""Point"",""coordinates"":[120.22484779357912,35.96803835054336]}",HD2022-3139号瑞源云璟国际,嘉陵江东路东、长江东路北,"{""icon"":""map-pin"",""size"":2,""color"":""#EF4444""}","[{""value"":7441,""fieldId"":""f0000001-0001-0001-0001-000000000001""},{""value"":3.1,""fieldId"":""f0000001-0001-0001-0001-000000000002""},{""value"":7823,""fieldId"":""f0000001-0001-0001-0001-000000000006""},{""value"":""瑞源"",""fieldId"":""f0000001-0001-0001-0001-000000000007""},{""value"":""瑞源"",""fieldId"":""f0000001-0001-0001-0001-000000000004""},{""value"":""2022-12-20"",""fieldId"":""f0000001-0001-0001-0001-000000000005""},{""value"":18045.3923,""fieldId"":""f0000001-0001-0001-0001-000000000003""}]",2026-05-09 05:57:32.136486+00,2026-05-09 05:58:56.036897+00
cc10a3f9-7db9-435d-a296-7a8aaff6c9a4,a21deeab-7f1d-48fb-9715-a6b6cc8e7108,point,"{""type"":""Point"",""coordinates"":[120.19935607910158,35.95626722321064]}",HD2022-3091萧山路 88 号,萧山路西，珠江路北,"{""icon"":""map-pin"",""size"":2,""color"":""#EF4444""}","[{""value"":15068,""fieldId"":""f0000001-0001-0001-0001-000000000001""},{""value"":1.3,""fieldId"":""f0000001-0001-0001-0001-000000000002""},{""value"":21839,""fieldId"":""f0000001-0001-0001-0001-000000000003""},{""value"":""青岛开投隆宇文化发展有限公司,青岛开投宇洋企业咨询服务有限公司"",""fieldId"":""f0000001-0001-0001-0001-000000000004""},{""value"":""2022-09-16"",""fieldId"":""f0000001-0001-0001-0001-000000000005""},{""value"":11149,""fieldId"":""f0000001-0001-0001-0001-000000000006""},{""value"":""开投&国汇"",""fieldId"":""f0000001-0001-0001-0001-000000000007""}]",2026-05-09 06:54:06.005882+00,2026-05-09 06:57:09.297059+00
d1838fb3-4763-4a15-b4b3-386b67642e81,a21deeab-7f1d-48fb-9715-a6b6cc8e7108,point,"{""type"":""Point"",""coordinates"":[120.40127277374269,36.17289791728095]}",中梁首府,金水路以南、重庆中路以西,"{""icon"":""map-pin"",""size"":3,""color"":""#EF4444""}","[{""value"":22034.5,""fieldId"":""f0000001-0001-0001-0001-000000000001""},{""value"":2.7,""fieldId"":""f0000001-0001-0001-0001-000000000002""},{""value"":53008.3521,""fieldId"":""f0000001-0001-0001-0001-000000000003""},{""value"":""青岛梁璟房地产开发有限公司"",""fieldId"":""f0000001-0001-0001-0001-000000000004""},{""value"":""2020-12-28"",""fieldId"":""f0000001-0001-0001-0001-000000000005""},{""value"":8909.99,""fieldId"":""f0000001-0001-0001-0001-000000000006""},{""value"":""中梁"",""fieldId"":""f0000001-0001-0001-0001-000000000007""}]",2026-05-08 06:24:26.038+00,2026-05-08 07:20:13.509543+00
d45fc312-f382-4d4e-8cea-4fddf179f345,a21deeab-7f1d-48fb-9715-a6b6cc8e7108,point,"{""type"":""Point"",""coordinates"":[120.38127422332765,36.227277147939205]}",LC1001-007地块,瑞金路以南、规划楼山二支路以西,"{""icon"":""map-pin"",""size"":3,""color"":""#EF4444""}","[{""value"":25852.5,""fieldId"":""f0000001-0001-0001-0001-000000000001""},{""value"":2.9,""fieldId"":""f0000001-0001-0001-0001-000000000002""},{""value"":68974.47,""fieldId"":""f0000001-0001-0001-0001-000000000003""},{""value"":""青岛城和置业有限公司"",""fieldId"":""f0000001-0001-0001-0001-000000000004""},{""value"":""2022-06-27"",""fieldId"":""f0000001-0001-0001-0001-000000000005""},{""value"":9200,""fieldId"":""f0000001-0001-0001-0001-000000000006""},{""value"":""青岛城投"",""fieldId"":""f0000001-0001-0001-0001-000000000007""}]",2026-05-08 06:24:26.038+00,2026-05-08 07:06:07.053428+00
d6d13a7c-05ad-41a1-a3ed-708bdec4b588,a21deeab-7f1d-48fb-9715-a6b6cc8e7108,point,"{""type"":""Point"",""coordinates"":[120.39204597473146,36.2014818084173]}",双子星城,楼山二支路以东、重庆北路以西、规划二十三号线以南、南岭三路以北,"{""icon"":""map-pin"",""size"":3,""color"":""#EF4444""}","[{""value"":60213.6,""fieldId"":""f0000001-0001-0001-0001-000000000001""},{""value"":2.5,""fieldId"":""f0000001-0001-0001-0001-000000000002""},{""value"":121932.54,""fieldId"":""f0000001-0001-0001-0001-000000000003""},{""value"":""中巍（青岛）房地产开发有限公司"",""fieldId"":""f0000001-0001-0001-0001-000000000004""},{""value"":""2020-03-24"",""fieldId"":""f0000001-0001-0001-0001-000000000005""},{""value"":8100,""fieldId"":""f0000001-0001-0001-0001-000000000006""},{""value"":""中巍"",""fieldId"":""f0000001-0001-0001-0001-000000000007""}]",2026-05-08 06:24:26.038+00,2026-05-08 07:28:07.184815+00
d79ed6ec-ee6a-4fdd-8fb3-af1ca80cf1cb,a21deeab-7f1d-48fb-9715-a6b6cc8e7108,point,"{""type"":""Point"",""coordinates"":[120.16937971115114,35.958503481619374]}",HD2022-3052号中海半山云境,太行山路西、富春江路北,"{""icon"":""map-pin"",""size"":2,""color"":""#EF4444""}","[{""value"":53210,""fieldId"":""f0000001-0001-0001-0001-000000000001""},{""value"":2.9,""fieldId"":""f0000001-0001-0001-0001-000000000002""},{""value"":115577.441,""fieldId"":""f0000001-0001-0001-0001-000000000003""},{""value"":""济南中海地产投资有限公司"",""fieldId"":""f0000001-0001-0001-0001-000000000004""},{""value"":""2022-06-16"",""fieldId"":""f0000001-0001-0001-0001-000000000005""},{""value"":7490,""fieldId"":""f0000001-0001-0001-0001-000000000006""},{""value"":""中海"",""fieldId"":""f0000001-0001-0001-0001-000000000007""}]",2026-05-09 07:23:32.462414+00,2026-05-09 07:24:20.079569+00
d8e38c1a-644c-43b0-8ce1-37373e9fe66c,a21deeab-7f1d-48fb-9715-a6b6cc8e7108,point,"{""type"":""Point"",""coordinates"":[120.40298938751222,36.21640605507731]}",爱情·天宸万象,规划六号线以北、重庆中路学校以西,"{""icon"":""map-pin"",""size"":3,""color"":""#EF4444""}","[{""value"":16723.9,""fieldId"":""f0000001-0001-0001-0001-000000000001""},{""value"":2,""fieldId"":""f0000001-0001-0001-0001-000000000002""},{""value"":29434.1168,""fieldId"":""f0000001-0001-0001-0001-000000000003""},{""value"":""青岛爱之城房地产开发有限公司"",""fieldId"":""f0000001-0001-0001-0001-000000000004""},{""value"":""2022-01-04"",""fieldId"":""f0000001-0001-0001-0001-000000000005""},{""value"":8800.02,""fieldId"":""f0000001-0001-0001-0001-000000000006""},{""value"":""长城"",""fieldId"":""f0000001-0001-0001-0001-000000000007""}]",2026-05-08 06:24:26.038+00,2026-05-08 07:09:52.224835+00
d9ac7f40-0fdc-4f34-92c0-554addb4b6fa,a21deeab-7f1d-48fb-9715-a6b6cc8e7108,point,"{""type"":""Point"",""coordinates"":[120.04717826843263,35.93159470373085]}",HD2025-3039城发,镜台山路东、两河路西,"{""icon"":""map-pin"",""size"":3,""color"":""#EF4444""}","[{""value"":65871,""fieldId"":""f0000001-0001-0001-0001-000000000001""},{""value"":1.5,""fieldId"":""f0000001-0001-0001-0001-000000000002""},{""value"":39147.1353,""fieldId"":""f0000001-0001-0001-0001-000000000003""},{""value"":""青岛公元置业有限公司"",""fieldId"":""f0000001-0001-0001-0001-000000000004""},{""value"":""2025-09-22"",""fieldId"":""f0000001-0001-0001-0001-000000000005""},{""value"":3962,""fieldId"":""f0000001-0001-0001-0001-000000000006""},{""value"":""西海"",""fieldId"":""f0000001-0001-0001-0001-000000000007""}]",2026-05-09 01:24:38.002+00,2026-05-09 02:28:34.295401+00
d9b1e59a-c0e8-4293-b5ea-8068658877cf,a21deeab-7f1d-48fb-9715-a6b6cc8e7108,point,"{""type"":""Point"",""coordinates"":[120.14066934585573,35.922715750345574]}",康大玺樾府（人才房转商品房）,滨海大道南，大湾港路东,"{""icon"":""map-pin"",""size"":3,""color"":""#EF4444""}","[{""value"":6143.8,""fieldId"":""f0000001-0001-0001-0001-000000000001""},{""value"":1.2,""fieldId"":""f0000001-0001-0001-0001-000000000002""},{""value"":5110.3268,""fieldId"":""f0000001-0001-0001-0001-000000000003""},{""value"":""青岛康大房地产开发有限公司"",""fieldId"":""f0000001-0001-0001-0001-000000000004""},{""value"":""2025-09-17"",""fieldId"":""f0000001-0001-0001-0001-000000000005""},{""value"":6931.55,""fieldId"":""f0000001-0001-0001-0001-000000000006""},{""value"":""康大"",""fieldId"":""f0000001-0001-0001-0001-000000000007""}]",2026-05-09 01:24:38.003+00,2026-05-09 03:09:04.912131+00
e0bef84a-fac7-45d0-824c-89097e0ac4a1,a21deeab-7f1d-48fb-9715-a6b6cc8e7108,point,"{""type"":""Point"",""coordinates"":[120.4503893852234,36.1733569352216]}",LC0306-36地块,九水东路以北、铜川路以东,"{""icon"":""map-pin"",""size"":3,""color"":""#EF4444""}","[{""value"":38918.4,""fieldId"":""f0000001-0001-0001-0001-000000000001""},{""value"":1.7,""fieldId"":""f0000001-0001-0001-0001-000000000002""},{""value"":53045.6916,""fieldId"":""f0000001-0001-0001-0001-000000000003""},{""value"":""青岛悦宁置业有限公司"",""fieldId"":""f0000001-0001-0001-0001-000000000004""},{""value"":""2025-07-23"",""fieldId"":""f0000001-0001-0001-0001-000000000005""},{""value"":8017.63,""fieldId"":""f0000001-0001-0001-0001-000000000006""},{""value"":""青特"",""fieldId"":""f0000001-0001-0001-0001-000000000007""}]",2026-05-08 06:24:26.038+00,2026-05-08 06:39:11.54824+00
e14d2d99-f83d-4323-a9ca-93d8e4b2353b,a21deeab-7f1d-48fb-9715-a6b6cc8e7108,point,"{""type"":""Point"",""coordinates"":[120.4728126525879,36.20120476533457]}",LC0604-13a地块,天水路以南、宾川路以东,"{""icon"":""map-pin"",""size"":3,""color"":""#EF4444""}","[{""value"":30208.7,""fieldId"":""f0000001-0001-0001-0001-000000000001""},{""value"":1.2,""fieldId"":""f0000001-0001-0001-0001-000000000002""},{""value"":48901.8436,""fieldId"":""f0000001-0001-0001-0001-000000000003""},{""value"":""青岛和达坤峰置业有限公司"",""fieldId"":""f0000001-0001-0001-0001-000000000004""},{""value"":""2023-10-24"",""fieldId"":""f0000001-0001-0001-0001-000000000005""},{""value"":13490,""fieldId"":""f0000001-0001-0001-0001-000000000006""},{""value"":""和达"",""fieldId"":""f0000001-0001-0001-0001-000000000007""}]",2026-05-08 06:24:26.038+00,2026-05-08 06:45:35.082722+00
e14e355d-bcc9-4419-82b6-c45afbd22fdd,a21deeab-7f1d-48fb-9715-a6b6cc8e7108,point,"{""type"":""Point"",""coordinates"":[120.06245613098145,35.93586875629033]}",HD2025-3036 城发,珠光路北、山冯路西,"{""icon"":""map-pin"",""size"":3,""color"":""#EF4444""}","[{""value"":80444,""fieldId"":""f0000001-0001-0001-0001-000000000001""},{""value"":1.26,""fieldId"":""f0000001-0001-0001-0001-000000000002""},{""value"":46496.225,""fieldId"":""f0000001-0001-0001-0001-000000000003""},{""value"":""青岛公元置业有限公司"",""fieldId"":""f0000001-0001-0001-0001-000000000004""},{""value"":""2025-09-19"",""fieldId"":""f0000001-0001-0001-0001-000000000005""},{""value"":4593,""fieldId"":""f0000001-0001-0001-0001-000000000006""},{""value"":""城发"",""fieldId"":""f0000001-0001-0001-0001-000000000007""}]",2026-05-09 01:24:38.003+00,2026-05-09 02:50:10.205683+00
e2313c95-de63-4574-89f1-0cac79be3bba,a21deeab-7f1d-48fb-9715-a6b6cc8e7108,point,"{""type"":""Point"",""coordinates"":[120.44294357299806,36.158805624457074]}",LC0301-03地块（森林公园后续地块）,"青银高速东、石牛山路西、枣山路北、九水路南。
本宗地不接受地方政府融资平台公司；土地竞得人须无偿建设地块内的公服配套，LC0301-03地块须配建社区服务站（建筑面积不少于600平方米）、托育所（建筑面积不少于580平方米）、邻里坊（按350平方米/千人标准，建筑面积不少于350平方米）。土地竞得人须在签订《土地成交确认书》前，与李沧区政府或李沧区政府指定单位签订《李沧区青银高速以东、石牛山路以西LC0301-03地块城镇居住区公共服务配套设施建设移交协议》，建成后无偿移交给李沧区政府或李沧区政府指定单位。","{""icon"":""map-pin"",""size"":3,""color"":""#EF4444""}","[{""value"":44320.7,""fieldId"":""f0000001-0001-0001-0001-000000000001""},{""value"":2.5,""fieldId"":""f0000001-0001-0001-0001-000000000002""},{""value"":99832.3768,""fieldId"":""f0000001-0001-0001-0001-000000000003""},{""value"":""青岛昌明置业有限公司"",""fieldId"":""f0000001-0001-0001-0001-000000000004""},{""value"":""2026-04-01"",""fieldId"":""f0000001-0001-0001-0001-000000000005""},{""value"":9010,""fieldId"":""f0000001-0001-0001-0001-000000000006""},{""value"":""中海|万科|越秀|金地|城投"",""fieldId"":""f0000001-0001-0001-0001-000000000007""}]",2026-05-08 06:24:26.038+00,2026-05-08 06:27:35.934493+00
e45f4bdb-2cf0-43fb-a6e6-672a19e721ba,a21deeab-7f1d-48fb-9715-a6b6cc8e7108,point,"{""type"":""Point"",""coordinates"":[120.48285484313966,36.19704900143799]}",LC0605-81地块（金茂府）,世园大道以北、东川路以东、天水路以南、世博园以西,"{""icon"":""map-pin"",""size"":3,""color"":""#EF4444""}","[{""value"":27897.8,""fieldId"":""f0000001-0001-0001-0001-000000000001""},{""value"":1.7,""fieldId"":""f0000001-0001-0001-0001-000000000002""},{""value"":56911.512,""fieldId"":""f0000001-0001-0001-0001-000000000003""},{""value"":""青岛世园城茂置业有限公司"",""fieldId"":""f0000001-0001-0001-0001-000000000004""},{""value"":""2022-09-27"",""fieldId"":""f0000001-0001-0001-0001-000000000005""},{""value"":12000,""fieldId"":""f0000001-0001-0001-0001-000000000006""},{""value"":""金茂"",""fieldId"":""f0000001-0001-0001-0001-000000000007""}]",2026-05-08 06:24:26.038+00,2026-05-08 07:00:25.560453+00
ebf3f78d-0701-4ddd-81ec-47c5905def13,a21deeab-7f1d-48fb-9715-a6b6cc8e7108,point,"{""type"":""Point"",""coordinates"":[120.20896911621095,35.954873329142714]}",HD2022-3154 城发&海投,"珠江路南、衡山路西 ","{""icon"":""map-pin"",""size"":2,""color"":""#EF4444""}","[{""value"":22680,""fieldId"":""f0000001-0001-0001-0001-000000000001""},{""value"":2.4,""fieldId"":""f0000001-0001-0001-0001-000000000002""},{""value"":""青岛都市明樾开发建设有限公司"",""fieldId"":""f0000001-0001-0001-0001-000000000004""},{""value"":""2022-12-20"",""fieldId"":""f0000001-0001-0001-0001-000000000005""},{""value"":9645,""fieldId"":""f0000001-0001-0001-0001-000000000006""},{""value"":""城发&海投"",""fieldId"":""f0000001-0001-0001-0001-000000000007""},{""value"":52499.66,""fieldId"":""f0000001-0001-0001-0001-000000000003""}]",2026-05-09 06:39:11.01695+00,2026-05-09 06:44:24.98292+00
ec63d214-8e9f-47cf-86e8-74f7964ed6ee,a21deeab-7f1d-48fb-9715-a6b6cc8e7108,point,"{""type"":""Point"",""coordinates"":[120.16562461853029,35.956262880899715]}",HD2024-3024 瑞源名嘉荷府,江山南路东、富春江路北,"{""icon"":""map-pin"",""size"":3,""color"":""#EF4444""}","[{""value"":125314,""fieldId"":""f0000001-0001-0001-0001-000000000001""},{""value"":2.7,""fieldId"":""f0000001-0001-0001-0001-000000000002""},{""value"":251866.1023,""fieldId"":""f0000001-0001-0001-0001-000000000003""},{""value"":""青岛智瑞文化旅游投资运营有限公司"",""fieldId"":""f0000001-0001-0001-0001-000000000004""},{""value"":""2024-07-05"",""fieldId"":""f0000001-0001-0001-0001-000000000005""},{""value"":7444,""fieldId"":""f0000001-0001-0001-0001-000000000006""},{""value"":""瑞源"",""fieldId"":""f0000001-0001-0001-0001-000000000007""}]",2026-05-09 01:24:38.003+00,2026-05-09 05:04:41.187615+00
ec92000e-d935-4255-9589-377a74cb764d,a21deeab-7f1d-48fb-9715-a6b6cc8e7108,point,"{""type"":""Point"",""coordinates"":[120.03597736358644,35.91670321192728]}",HD2022-3137号海控,胶州湾西路北、水城路东,"{""icon"":""map-pin"",""size"":2,""color"":""#EF4444""}","[{""value"":33333,""fieldId"":""f0000001-0001-0001-0001-000000000001""},{""value"":2,""fieldId"":""f0000001-0001-0001-0001-000000000002""},{""value"":""青岛海控未来城开发有限公司"",""fieldId"":""f0000001-0001-0001-0001-000000000004""},{""value"":""2022-12-20"",""fieldId"":""f0000001-0001-0001-0001-000000000005""},{""value"":3495,""fieldId"":""f0000001-0001-0001-0001-000000000006""},{""value"":""海控"",""fieldId"":""f0000001-0001-0001-0001-000000000007""},{""value"":23299.767,""fieldId"":""f0000001-0001-0001-0001-000000000003""}]",2026-05-09 05:53:56.137196+00,2026-05-09 05:55:18.845527+00
ee0a88c0-1ccb-43dc-bb23-22e1a4860fad,a21deeab-7f1d-48fb-9715-a6b6cc8e7108,point,"{""type"":""Point"",""coordinates"":[120.2051067352295,35.95428276224396]}",HD2022-3141号唐岛湾君汇,九连山路东、珠江路南,"{""icon"":""map-pin"",""size"":2,""color"":""#EF4444""}","[{""value"":60040,""fieldId"":""f0000001-0001-0001-0001-000000000001""},{""value"":2.6,""fieldId"":""f0000001-0001-0001-0001-000000000002""},{""value"":""青岛海控鑫康置业有限公司"",""fieldId"":""f0000001-0001-0001-0001-000000000004""},{""value"":""2022-12-20"",""fieldId"":""f0000001-0001-0001-0001-000000000005""},{""value"":9098,""fieldId"":""f0000001-0001-0001-0001-000000000006""},{""value"":""荣泰&海控"",""fieldId"":""f0000001-0001-0001-0001-000000000007""},{""value"":137438,""fieldId"":""f0000001-0001-0001-0001-000000000003""}]",2026-05-09 06:34:07.340981+00,2026-05-09 06:44:00.926842+00
f18bf1da-03ad-4c19-8ba1-38cdc43917a4,a21deeab-7f1d-48fb-9715-a6b6cc8e7108,point,"{""type"":""Point"",""coordinates"":[120.16575336456299,35.978857034888534]}",HD2022-3038号保利锦上,江山南路东、嘉陵江西路,"{""icon"":""map-pin"",""size"":2,""color"":""#EF4444""}","[{""value"":25115,""fieldId"":""f0000001-0001-0001-0001-000000000001""},{""value"":2.5,""fieldId"":""f0000001-0001-0001-0001-000000000002""},{""value"":34024.5463,""fieldId"":""f0000001-0001-0001-0001-000000000003""},{""value"":""保利发展（山东）有限公司,青岛佳创置业有限公司"",""fieldId"":""f0000001-0001-0001-0001-000000000004""},{""value"":""2022-06-16"",""fieldId"":""f0000001-0001-0001-0001-000000000005""},{""value"":5419,""fieldId"":""f0000001-0001-0001-0001-000000000006""},{""value"":""保利"",""fieldId"":""f0000001-0001-0001-0001-000000000007""}]",2026-05-09 07:17:37.347684+00,2026-05-09 07:18:29.699864+00
f4f40309-fd15-4319-8883-4ead5492e5e0,a21deeab-7f1d-48fb-9715-a6b6cc8e7108,point,"{""type"":""Point"",""coordinates"":[120.14560461044313,35.98140954194934]}",HD2022-3035 新都学府,吴江路南、大罗山路西,"{""icon"":""map-pin"",""size"":2,""color"":""#EF4444""}","[{""value"":11416,""fieldId"":""f0000001-0001-0001-0001-000000000001""},{""value"":1.5,""fieldId"":""f0000001-0001-0001-0001-000000000002""},{""value"":9676.7724,""fieldId"":""f0000001-0001-0001-0001-000000000003""},{""value"":""青岛土木建工集团"",""fieldId"":""f0000001-0001-0001-0001-000000000004""},{""value"":""2022-06-16"",""fieldId"":""f0000001-0001-0001-0001-000000000005""},{""value"":5651,""fieldId"":""f0000001-0001-0001-0001-000000000006""},{""value"":""土木建工"",""fieldId"":""f0000001-0001-0001-0001-000000000007""}]",2026-05-09 07:13:07.277756+00,2026-05-09 07:14:32.6569+00
f7ebf9d5-f9b5-4f36-b419-84fa8f59558d,a21deeab-7f1d-48fb-9715-a6b6cc8e7108,point,"{""type"":""Point"",""coordinates"":[120.46135425567628,36.16130032672438]}",LC0302-33地块,"惠水路以南、平川路以西
https://mp.weixin.qq.com/s/5HjCEmyZ0EXJN7rwtXqUqA","{""icon"":""map-pin"",""size"":3,""color"":""#EF4444""}","[{""value"":59391.8,""fieldId"":""f0000001-0001-0001-0001-000000000001""},{""value"":1.25,""fieldId"":""f0000001-0001-0001-0001-000000000002""},{""value"":78100.217,""fieldId"":""f0000001-0001-0001-0001-000000000003""},{""value"":""青岛汇启置业有限公司"",""fieldId"":""f0000001-0001-0001-0001-000000000004""},{""value"":""2025-12-12"",""fieldId"":""f0000001-0001-0001-0001-000000000005""},{""value"":10520,""fieldId"":""f0000001-0001-0001-0001-000000000006""},{""value"":""海创"",""fieldId"":""f0000001-0001-0001-0001-000000000007""}]",2026-05-08 06:24:26.038+00,2026-05-08 06:28:56.254802+00
f9e5b960-8447-4366-81e7-e296bd8c11b5,a21deeab-7f1d-48fb-9715-a6b6cc8e7108,point,"{""type"":""Point"",""coordinates"":[120.14859795570375,35.968229383510774]}",HD2022-3046海信墨香居,昆仑山路东、钱塘江路北,"{""icon"":""map-pin"",""size"":2,""color"":""#EF4444""}","[{""value"":18294,""fieldId"":""f0000001-0001-0001-0001-000000000001""},{""value"":1.8,""fieldId"":""f0000001-0001-0001-0001-000000000002""},{""value"":5917,""fieldId"":""f0000001-0001-0001-0001-000000000006""},{""value"":""2022-06-16"",""fieldId"":""f0000001-0001-0001-0001-000000000005""},{""value"":""青岛智源鸿房地产开发有限公司"",""fieldId"":""f0000001-0001-0001-0001-000000000004""},{""value"":""慧康"",""fieldId"":""f0000001-0001-0001-0001-000000000007""},{""value"":19484.2076,""fieldId"":""f0000001-0001-0001-0001-000000000003""}]",2026-05-09 07:10:29.784165+00,2026-05-09 07:12:00.262979+00
fb2ec0a9-c63b-4260-81f6-f69600bda245,a21deeab-7f1d-48fb-9715-a6b6cc8e7108,point,"{""type"":""Point"",""coordinates"":[120.19695281982423,35.95285843567613]}",HD2025-3002城发·珠江瑞城,珠江路南、百花山路西,"{""icon"":""map-pin"",""size"":3,""color"":""#EF4444""}","[{""value"":15965,""fieldId"":""f0000001-0001-0001-0001-000000000001""},{""value"":3.1,""fieldId"":""f0000001-0001-0001-0001-000000000002""},{""value"":30907.4418,""fieldId"":""f0000001-0001-0001-0001-000000000003""},{""value"":""城发投资集团有限公司，城发集团（青岛）启盛投资开发有限公司"",""fieldId"":""f0000001-0001-0001-0001-000000000004""},{""value"":""2025-02-17"",""fieldId"":""f0000001-0001-0001-0001-000000000005""},{""value"":6245,""fieldId"":""f0000001-0001-0001-0001-000000000006""},{""value"":""城发"",""fieldId"":""f0000001-0001-0001-0001-000000000007""}]",2026-05-09 01:24:38.003+00,2026-05-09 03:29:11.886318+00
fcb1309f-7260-47c4-9dc0-21b8131dcc92,a21deeab-7f1d-48fb-9715-a6b6cc8e7108,point,"{""type"":""Point"",""coordinates"":[120.15581846237184,35.97960369515644]}",HD2023-3092号青铁保利和著,嘉陵江西路南、规划奋进路东,"{""icon"":""map-pin"",""size"":3,""color"":""#EF4444""}","[{""value"":7546,""fieldId"":""f0000001-0001-0001-0001-000000000001""},{""value"":2,""fieldId"":""f0000001-0001-0001-0001-000000000002""},{""value"":8436.428,""fieldId"":""f0000001-0001-0001-0001-000000000003""},{""value"":""青岛青铁广驰置业有限公司"",""fieldId"":""f0000001-0001-0001-0001-000000000004""},{""value"":""2023-12-26"",""fieldId"":""f0000001-0001-0001-0001-000000000005""},{""value"":5590,""fieldId"":""f0000001-0001-0001-0001-000000000006""},{""value"":""青铁"",""fieldId"":""f0000001-0001-0001-0001-000000000007""}]",2026-05-09 01:24:38.003+00,2026-05-09 05:13:26.932812+00
fd7ab694-97d1-4f86-993a-e7e250a54163,a21deeab-7f1d-48fb-9715-a6b6cc8e7108,point,"{""type"":""Point"",""coordinates"":[120.09964227676393,36.00809305528215]}",HD2024-3025 立德项目,辛安街道渭河路北、洞庭山路西,"{""icon"":""map-pin"",""size"":2,""color"":""#EF4444""}","[{""value"":9163,""fieldId"":""f0000001-0001-0001-0001-000000000001""},{""value"":1.1,""fieldId"":""f0000001-0001-0001-0001-000000000002""},{""value"":5157.5778,""fieldId"":""f0000001-0001-0001-0001-000000000003""},{""value"":""青岛立德世嘉置业有限公司"",""fieldId"":""f0000001-0001-0001-0001-000000000004""},{""value"":""2024-06-28"",""fieldId"":""f0000001-0001-0001-0001-000000000005""},{""value"":5117,""fieldId"":""f0000001-0001-0001-0001-000000000006""},{""value"":""立德"",""fieldId"":""f0000001-0001-0001-0001-000000000007""}]",2026-05-09 05:43:28.349282+00,2026-05-09 05:44:45.326925+00
ff57d1a4-77dc-4a90-ac21-a37260e77277,a21deeab-7f1d-48fb-9715-a6b6cc8e7108,point,"{""type"":""Point"",""coordinates"":[120.41564941406251,36.13801335205162]}",LC0201-42地块（云谷金茂府）,黑龙江路以北、甘泉路以西,"{""icon"":""map-pin"",""size"":3,""color"":""#EF4444""}","[{""value"":37143.5,""fieldId"":""f0000001-0001-0001-0001-000000000001""},{""value"":2.9,""fieldId"":""f0000001-0001-0001-0001-000000000002""},{""value"":119912.2643,""fieldId"":""f0000001-0001-0001-0001-000000000003""},{""value"":""青岛海璟恒创置业有限公司"",""fieldId"":""f0000001-0001-0001-0001-000000000004""},{""value"":""2021-09-29"",""fieldId"":""f0000001-0001-0001-0001-000000000005""},{""value"":11132.25,""fieldId"":""f0000001-0001-0001-0001-000000000006""},{""value"":""金茂"",""fieldId"":""f0000001-0001-0001-0001-000000000007""}]",2026-05-08 06:24:26.038+00,2026-05-08 07:37:00.746257+00